release,brickid,brickname,objid,brick_primary,type,ra,dec,ra_ivar,dec_ivar,bx,by,dchisq,ebv,mjd_min,mjd_max,flux_u,flux_g,flux_r,flux_i,flux_z,flux_Y,flux_w1,flux_w2,flux_w3,flux_w4,flux_ivar_u,flux_ivar_g,flux_ivar_r,flux_ivar_i,flux_ivar_z,flux_ivar_Y,flux_ivar_w1,flux_ivar_w2,flux_ivar_w3,flux_ivar_w4,apflux_u,apflux_g,apflux_r,apflux_i,apflux_z,apflux_Y,apflux_resid_u,apflux_resid_g,apflux_resid_r,apflux_resid_i,apflux_resid_z,apflux_resid_Y,apflux_ivar_u,apflux_ivar_g,apflux_ivar_r,apflux_ivar_i,apflux_ivar_z,apflux_ivar_Y,mw_transmission_u,mw_transmission_g,mw_transmission_r,mw_transmission_i,mw_transmission_z,mw_transmission_Y,mw_transmission_w1,mw_transmission_w2,mw_transmission_w3,mw_transmission_w4,nobs_u,nobs_g,nobs_r,nobs_i,nobs_z,nobs_Y,nobs_w1,nobs_w2,nobs_w3,nobs_w4,rchisq_u,rchisq_g,rchisq_r,rchisq_i,rchisq_z,rchisq_Y,rchisq_w1,rchisq_w2,rchisq_w3,rchisq_w4,fracflux_u,fracflux_g,fracflux_r,fracflux_i,fracflux_z,fracflux_Y,fracflux_w1,fracflux_w2,fracflux_w3,fracflux_w4,fracmasked_u,fracmasked_g,fracmasked_r,fracmasked_i,fracmasked_z,fracmasked_Y,fracin_u,fracin_g,fracin_r,fracin_i,fracin_z,fracin_Y,anymask_u,anymask_g,anymask_r,anymask_i,anymask_z,anymask_Y,allmask_u,allmask_g,allmask_r,allmask_i,allmask_z,allmask_Y,wisemask_w1,wisemask_w2,psfsize_u,psfsize_g,psfsize_r,psfsize_i,psfsize_z,psfsize_Y,psfdepth_u,psfdepth_g,psfdepth_r,psfdepth_i,psfdepth_z,psfdepth_Y,galdepth_u,galdepth_g,galdepth_r,galdepth_i,galdepth_z,galdepth_Y,wise_coadd_id,lc_flux_w1,lc_flux_w2,lc_flux_ivar_w1,lc_flux_ivar_w2,lc_nobs_w1,lc_nobs_w2,lc_fracflux_w1,lc_fracflux_w2,lc_rchisq_w1,lc_rchisq_w2,lc_mjd_w1,lc_mjd_w2,fracdev,fracdev_ivar,shapeexp_r,shapeexp_r_ivar,shapeexp_e1,shapeexp_e1_ivar,shapeexp_e2,shapeexp_e2_ivar,shapedev_r,shapedev_r_ivar,shapedev_e1,shapedev_e1_ivar,shapedev_e2,shapedev_e2_ivar
5000,340380,3431p015,4340,True,DEV,343.231562039,1.58773577299,3.66795e+10,2.54511e+10,335.848,3005.07,10789.8 .. 2672.77,0.0748529,56537.1857502,57329.0495414,0.0,70.3136,127.116,0.0,200.879,0.0,87.4446,-16.5811,-311.628,2367.07,0.0,2.62568,1.34669,0.0,0.147622,0.0,0.0381264,0.00956449,4.41556e-05,1.80395e-06,0.0 .. 0.0,0.164481 .. 13.6065,0.307885 .. 23.3439,0.0 .. 0.0,0.564549 .. 35.4257,0.0 .. 0.0,0.0 .. 0.0,-0.0518953 .. 1.16579,-0.126571 .. 1.49408,0.0 .. 0.0,-0.145865 .. 0.897294,0.0 .. 0.0,0.0 .. 0.0,11811.7 .. 59.1832,5854.35 .. 29.3065,0.0 .. 0.0,609.631 .. 3.11036,0.0 .. 0.0,0.75925,0.801252,0.861346,0.896053,0.919901,0.929271,0.987395,0.99224,0.99834,0.999373,0,5,4,0,3,0,72,73,13,13,0.0,0.836156,1.14812,0.0,1.25488,0.0,1.62842,0.597891,0.305174,0.0939328,0.0,0.00673503,0.00481495,0.0,0.0062533,0.0,0.150904,1.26219,0.386691,1.21098,0.0,0.22926,0.18852,0.0,0.183503,0.0,0.0,0.328538,0.366414,0.0,0.375081,0.0,0,0,0,0,0,0,0,0,0,0,0,0,0,0,0.0,1.65152,1.16035,0.0,1.0439,0.0,0.0,1493.15,1501.9,0.0,193.631,0.0,0.0,1001.95,799.197,0.0,94.44,0.0,3433p015,119.869 .. 0.0,-29.8853 .. 0.0,0.00775604 .. 0.0,0.00219039 .. 0.0,14 .. 0,14 .. 0,0.108372 .. 0.0,1.30187 .. 0.0,0.611997 .. 0.0,0.469228 .. 0.0,55353.1048491 .. 0.0,55353.1049128 .. 0.0,1.0,1.0,0.0,0.0,0.0,0.0,0.0,0.0,38.1979,862.952,0.0963114,29058.3,-0.205831,58556.3
5000,346141,3433p025,126,True,EXP,343.350330148,2.39080419054,4.17471e+09,1.57331e+09,2138.18,299.101,630.061 .. 283.855,0.177272,57611.2307087,57613.2070454,0.0,17.3313,0.0,0.0,42.8326,0.0,24.7508,16.6574,81.3489,-394.025,0.0,7.79569,0.0,0.0,1.10744,0.0,0.412467,0.101245,0.000383252,1.17009e-05,0.0 .. 0.0,0.15828 .. 11.7958,0.0 .. 0.0,0.0 .. 0.0,0.51076 .. 28.8942,0.0 .. 0.0,0.0 .. 0.0,-0.0168798 .. 0.173802,0.0 .. 0.0,0.0 .. 0.0,0.0165342 .. 0.0494407,0.0 .. 0.0,0.0 .. 0.0,2523.46 .. 12.8748,0.0 .. 0.0,0.0 .. 0.0,333.084 .. 1.69941,0.0 .. 0.0,0.520858,0.591697,0.702235,0.771105,0.820596,0.84053,0.970405,0.981719,0.996073,0.998515,0,1,0,0,2,0,72,73,13,13,0.0,0.871636,0.0,0.0,0.939949,0.0,0.836335,0.707181,0.647232,0.113809,0.0,0.00426058,0.0,0.0,0.00600681,0.0,0.176788,0.189714,1.12079,1.21404,0.0,0.132842,0.0,0.0,0.129744,0.0,0.0,0.883596,0.0,0.0,0.879844,0.0,0,0,0,0,0,0,0,0,0,0,0,0,0,0,0.0,1.79925,0.0,0.0,1.13771,0.0,0.0,269.542,0.0,0.0,88.9571,0.0,0.0,193.91,0.0,0.0,46.3057,0.0,3433p030,27.4319 .. 0.0,14.2308 .. 0.0,0.0839139 .. 0.0,0.0240496 .. 0.0,14 .. 0,14 .. 0,0.226745 .. 0.0,0.373346 .. 0.0,0.840926 .. 0.0,0.445454 .. 0.0,55353.6999605 .. 0.0,55354.8906309 .. 0.0,0.0,0.0,6.7086,388.776,0.2582,8938.49,0.108612,3610.31,0.0,0.0,0.0,0.0,0.0,0.0
5000,343251,3408p020,257,True,REX,340.928943478,1.92644462014,1.83377e+09,1.77606e+09,1058.71,788.827,633.353 .. 295.003,0.0828335,56563.0662893,56951.0758735,0.0,10.7279,0.0,0.0,0.0,0.0,9.8049,-2.64138,-138.618,172.675,0.0,23.7054,0.0,0.0,0.0,0.0,0.518018,0.105554,0.000167028,8.10535e-06,0.0 .. 0.0,0.118746 .. 8.56366,0.0 .. 0.0,0.0 .. 0.0,0.0 .. 0.0,0.0 .. 0.0,0.0 .. 0.0,-0.0201025 .. 0.0321608,0.0 .. 0.0,0.0 .. 0.0,0.0 .. 0.0,0.0 .. 0.0,0.0 .. 0.0,5700.49 .. 29.0841,0.0 .. 0.0,0.0 .. 0.0,0.0 .. 0.0,0.0 .. 0.0,0.737279,0.782545,0.847747,0.885629,0.911749,0.922032,0.98606,0.991416,0.998163,0.999306,0,2,0,0,0,0,75,67,5,8,0.0,0.979296,0.0,0.0,0.0,0.0,0.75306,0.707153,0.6934,0.169255,0.0,7.40151e-10,0.0,0.0,0.0,0.0,0.0994366,0.543311,0.140857,1.07798,0.0,0.120905,0.0,0.0,0.0,0.0,0.0,0.895349,0.0,0.0,0.0,0.0,0,0,0,0,0,0,0,0,0,0,0,0,0,0,0.0,1.73566,0.0,0.0,0.0,0.0,0.0,657.042,0.0,0.0,0.0,0.0,0.0,436.008,0.0,0.0,0.0,0.0,3403p015,7.22341 .. 0.0,-22.6068 .. 0.0,0.0989671 .. 0.0,0.0164129 .. 0.0,15 .. 0,15 .. 0,0.119247 .. 0.0,0.149772 .. 0.0,0.985221 .. 0.0,0.755443 .. 0.0,55350.3925571 .. 0.0,55350.3925571 .. 0.0,0.0,0.0,4.35092,175.367,0.0,0.0,0.0,0.0,0.0,0.0,0.0,0.0,0.0,0.0
5000,338940,3431p012,2071,True,EXP,343.216061921,1.2188327581,7.08282e+09,1.41509e+10,548.549,1371.27,2957.11 .. 1289.24,0.0704727,56544.1030325,57329.0495414,0.0,8.42662,18.3992,0.0,30.6071,0.0,14.3564,-0.0506465,-7.91283,-444.331,0.0,62.8814,16.829,0.0,2.37506,0.0,0.519841,0.123955,0.000424038,1.25288e-05,0.0 .. 0.0,0.153141 .. 6.77101,0.397334 .. 15.0736,0.0 .. 0.0,0.683693 .. 25.6779,0.0 .. 0.0,0.0 .. 0.0,0.0370818 .. 0.0783212,0.103424 .. 0.717295,0.0 .. 0.0,0.201822 .. 1.60632,0.0 .. 0.0,0.0 .. 0.0,12733.2 .. 69.4287,3132.89 .. 17.5222,0.0 .. 0.0,476.616 .. 2.43172,0.0 .. 0.0,0.771587,0.811709,0.868902,0.901827,0.924407,0.933269,0.988128,0.992692,0.998437,0.999409,0,7,3,0,2,0,70,72,12,12,0.0,0.995619,0.983125,0.0,1.11854,0.0,0.618708,0.637859,0.505096,0.231864,0.0,0.000637948,0.000516293,0.0,0.00158831,0.0,0.0228039,12.9776,1.93936,0.280138,0.0,0.106021,0.168223,0.0,0.0501342,0.0,0.0,0.96639,0.921456,0.0,0.989702,0.0,0,1,16,0,0,0,0,0,0,0,0,0,0,0,0.0,1.83643,0.945422,0.0,1.066,0.0,0.0,1318.66,1152.55,0.0,145.155,0.0,0.0,927.148,513.238,0.0,71.259,0.0,3433p015,19.4666 .. 0.0,1.65351 .. 0.0,0.102399 .. 0.0,0.0280247 .. 0.0,13 .. 0,14 .. 0,0.0401333 .. 0.0,0.755077 .. 0.0,0.682436 .. 0.0,0.924392 .. 0.0,55353.1048491 .. 0.0,55353.1049128 .. 0.0,0.0,0.0,5.05626,657.588,-0.194338,24200.2,-0.0241414,8926.45,0.0,0.0,0.0,0.0,0.0,0.0
5000,336052,3411p007,1189,True,EXP,341.004562206,0.671906148624,1.28686e+09,4.60628e+09,3454.26,726.474,466.674 .. 232.887,0.0768651,56506.3651337,56952.0862022,0.0,3.24248,5.33543,0.0,5.63721,0.0,0.598222,-5.88933,-55.7623,-11.8283,0.0,93.3837,32.4393,0.0,4.06896,0.0,0.61542,0.128959,0.00029772,9.75333e-06,0.0 .. 0.0,0.0648582 .. 2.97833,0.114559 .. 4.98585,0.0 .. 0.0,0.0399291 .. 3.34513,0.0 .. 0.0,0.0 .. 0.0,-0.0016841 .. -0.0160193,-0.00321448 .. 0.294623,0.0 .. 0.0,-0.0176818 .. -0.454332,0.0 .. 0.0,0.0 .. 0.0,14097.6 .. 71.3891,4580.23 .. 23.0488,0.0 .. 0.0,575.049 .. 2.76239,0.0 .. 0.0,0.75365,0.796494,0.857896,0.893413,0.917839,0.927441,0.987058,0.992032,0.998295,0.999356,0,5,3,0,5,0,72,68,8,9,0.0,0.961221,0.978237,0.0,1.02768,0.0,0.873658,0.59357,0.58315,0.11411,0.0,5.94284e-11,-6.40954e-11,0.0,6.6579e-11,0.0,6.70377,0.598084,0.868407,30.1283,0.0,0.111508,0.111122,0.0,0.130606,0.0,0.0,0.889803,0.888061,0.0,0.901507,0.0,0,0,0,0,0,0,0,0,0,0,0,0,0,0,0.0,1.60282,1.13099,0.0,1.10283,0.0,0.0,1907.79,1234.65,0.0,163.959,0.0,0.0,1257.1,643.962,0.0,78.6361,0.0,3403p000,8.95819 .. 0.0,5.83029 .. 0.0,0.0925385 .. 0.0,0.0157577 .. 0.0,11 .. 0,11 .. 0,0.489855 .. 0.0,0.498571 .. 0.0,0.872268 .. 0.0,0.614434 .. 0.0,55349.7312928 .. 0.0,55348.6728635 .. 0.0,0.0,0.0,5.20618,89.625,-0.364298,3716.16,-0.201104,2086.77,0.0,0.0,0.0,0.0,0.0,0.0
5000,338923,3388p012,1391,True,EXP,338.785989241,1.17774412167,4.40693e+09,1.47989e+09,3022.29,806.69,280.456 .. 464.524,0.0864594,56619.0563403,56955.1912844,0.0,0.747533,1.55162,0.0,2.00115,0.0,0.839866,8.3421,84.3859,-496.696,0.0,715.121,42.4226,0.0,26.196,0.0,1.04766,0.21606,0.00051687,1.26959e-05,0.0 .. 0.0,0.104816 .. 5.53929,0.282475 .. 12.4951,0.0 .. 0.0,0.421748 .. 22.5611,0.0 .. 0.0,0.0 .. 0.0,-0.00649116 .. -0.268521,0.0263491 .. -0.444387,0.0 .. 0.0,0.0139866 .. -0.178181,0.0 .. 0.0,0.0 .. 0.0,26265.0 .. 133.976,1442.0 .. 7.48724,0.0 .. 0.0,855.211 .. 4.36332,0.0 .. 0.0,0.727508,0.77419,0.84164,0.880933,0.908069,0.918762,0.985454,0.991042,0.998083,0.999276,0,3,1,0,3,0,65,64,9,9,0.0,1.0426,1.15411,0.0,1.07557,0.0,1.69097,1.01206,0.475013,0.0782041,0.0,2.24653,2.43089,0.0,3.25189,0.0,10.8845,0.677551,0.858367,2.72914,0.0,0.00385284,0.00224641,0.0,0.00447017,0.0,0.0,1.01622,0.506649,0.0,1.02884,0.0,0,0,0,0,0,0,0,0,0,0,0,0,0,0,0.0,1.34175,1.10073,0.0,1.1124,0.0,0.0,5064.22,411.572,0.0,238.953,0.0,0.0,2974.47,209.983,0.0,120.236,0.0,3388p015,-1.94511 .. 0.0,-2.06452 .. 0.0,0.168274 .. 0.0,0.0380616 .. 0.0,10 .. 0,10 .. 0,6.47433 .. 0.0,6.85161 .. 0.0,1.14571 .. 0.0,0.521402 .. 0.0,55349.2349306 .. 0.0,55347.812634 .. 0.0,0.0,0.0,2.20204,114.41,0.353519,812.012,0.147958,456.335,0.0,0.0,0.0,0.0,0.0,0.0
5000,340351,3358p015,4436,True,EXP,335.768079877,1.56466046803,9.28242e+09,1.71453e+10,3268.09,2688.0,3241.76 .. 4382.84,0.0817447,56545.0671207,56943.1015558,0.0,31.8599,49.8703,0.0,62.3521,0.0,28.3988,15.589,208.613,463.389,0.0,15.8796,5.25831,0.0,1.16344,0.0,0.302206,0.0722639,0.000252503,8.43858e-06,0.0 .. 0.0,0.234652 .. 17.0575,0.368327 .. 25.8909,0.0 .. 0.0,0.544987 .. 33.2709,0.0 .. 0.0,0.0 .. 0.0,0.0270312 .. -0.231794,0.0357916 .. -0.411435,0.0 .. 0.0,0.112644 .. -0.071761,0.0 .. 0.0,0.0 .. 0.0,8414.77 .. 42.9325,2739.92 .. 13.9792,0.0 .. 0.0,574.537 .. 2.93131,0.0 .. 0.0,0.740239,0.785071,0.849589,0.887044,0.912857,0.923016,0.986242,0.991528,0.998187,0.999315,0,3,2,0,3,0,73,72,11,11,0.0,1.05729,0.977107,0.0,1.0779,0.0,0.85971,0.666417,0.72697,0.237253,0.0,0.0129898,0.0276971,0.0,0.0121311,0.0,0.265881,0.320614,0.453934,2.19933,0.0,0.0699345,0.110033,0.0,0.070928,0.0,0.0,0.905197,0.629338,0.0,0.903478,0.0,0,0,0,0,0,0,0,0,0,0,0,0,0,0,0.0,1.44845,1.08109,0.0,1.08044,0.0,0.0,1411.08,808.473,0.0,169.894,0.0,0.0,853.976,402.23,0.0,84.3899,0.0,3357p015,38.3311 .. 0.0,17.4324 .. 0.0,0.054932 .. 0.0,0.0160417 .. 0.0,13 .. 0,13 .. 0,0.184051 .. 0.0,0.399672 .. 0.0,0.594703 .. 0.0,0.874479 .. 0.0,55345.1002777 .. 0.0,55345.1002777 .. 0.0,0.0,0.0,8.45933,645.295,-0.166463,48320.3,-0.166443,48297.5,0.0,0.0,0.0,0.0,0.0,0.0
5000,328847,3398m005,4855,True,EXP,339.792970923,-0.438666905593,4.24468e+10,2.60401e+10,2926.59,2642.24,8466.49 .. 22408.7,0.0513946,56521.1725802,57334.0262772,0.0,39.4413,64.4372,0.0,86.8501,0.0,49.5599,50.7401,-100.448,-354.539,0.0,31.5039,10.2263,0.0,1.2307,0.0,0.273573,0.0649983,0.000275834,9.43769e-06,0.0 .. 0.0,0.241088 .. 20.1726,0.383074 .. 33.6649,0.0 .. 0.0,0.614139 .. 45.4468,0.0 .. 0.0,0.0 .. 0.0,-0.0102673 .. 0.209248,-0.0228427 .. 0.0294323,0.0 .. 0.0,0.0868406 .. 0.54076,0.0 .. 0.0,0.0 .. 0.0,18135.5 .. 92.5281,5686.85 .. 29.0145,0.0 .. 0.0,648.481 .. 3.30858,0.0 .. 0.0,0.827697,0.858869,0.902594,0.92741,0.944288,0.950882,0.991328,0.994665,0.99886,0.999569,0,12,5,0,4,0,73,73,13,13,0.0,1.02651,1.05574,0.0,1.03515,0.0,100.561,7.25804,0.687108,0.147805,0.0,0.0239199,0.0235571,0.0,0.0528215,0.0,3.07719,1.35874,1.67605,1.69977,0.0,0.0845523,0.0851293,0.0,0.0844369,0.0,0.0,0.995497,0.989309,0.0,1.00147,0.0,0,0,0,0,0,0,0,0,0,0,0,0,0,0,0.0,1.6105,1.1069,0.0,1.14026,0.0,0.0,2401.38,1600.1,0.0,173.04,0.0,0.0,1585.42,822.028,0.0,87.1318,0.0,3403p000,106.186 .. 0.0,76.6985 .. 0.0,0.0491288 .. 0.0,0.0134433 .. 0.0,13 .. 0,13 .. 0,0.953449 .. 0.0,1.15764 .. 0.0,30.3212 .. 0.0,4.6101 .. 0.0,55349.7312928 .. 0.0,55348.6728635 .. 0.0,0.0,0.0,7.92412,2190.12,0.122934,190261.0,-0.0594643,93682.6,0.0,0.0,0.0,0.0,0.0,0.0
5000,328838,3376m005,5738,True,REX,337.565356904,-0.399889001072,3.41578e+08,3.51911e+08,2619.01,3175.07,39.1181 .. 22.0086,0.0670903,56543.1482744,56619.0549709,0.0,0.209189,0.407637,0.0,1.13058,0.0,3.45149,2.72842,-98.256,-525.019,0.0,381.079,130.628,0.0,13.3759,0.0,1.40283,0.267357,0.000758367,1.67854e-05,0.0 .. 0.0,0.0151623 .. 1.10046,0.0333156 .. 1.59648,0.0 .. 0.0,0.158497 .. 3.76481,0.0 .. 0.0,0.0 .. 0.0,-0.00624373 .. 0.327997,-0.0169189 .. 0.662536,0.0 .. 0.0,0.0185312 .. 1.11247,0.0 .. 0.0,0.0 .. 0.0,9929.44 .. 50.6604,2834.87 .. 14.4636,0.0 .. 0.0,267.527 .. 1.36493,0.0 .. 0.0,0.781249,0.819877,0.874782,0.90631,0.927901,0.936368,0.988695,0.993042,0.998512,0.999438,0,3,2,0,2,0,76,68,12,11,0.0,0.780025,0.87274,0.0,0.966096,0.0,1.46784,0.905669,0.486281,0.133835,0.0,2.23908e-09,7.49429e-10,0.0,9.79439e-10,0.0,0.544266,0.707046,0.401037,0.806181,0.0,0.221475,0.205352,0.0,0.183074,0.0,0.0,0.863518,0.894479,0.0,0.895628,0.0,0,0,0,0,0,0,0,0,0,0,0,0,0,0,0.0,1.51222,1.17022,0.0,1.02439,0.0,0.0,1494.86,715.72,0.0,88.1695,0.0,0.0,959.906,386.334,0.0,41.4345,0.0,3373p000,3.4054 .. 0.0,5.42319 .. 0.0,0.254701 .. 0.0,0.0581413 .. 0.0,13 .. 0,13 .. 0,0.481875 .. 0.0,0.461435 .. 0.0,0.378478 .. 0.0,1.02326 .. 0.0,55348.1766274 .. 0.0,55345.8944193 .. 0.0,0.0,0.0,1.09093,37.4275,0.0,0.0,0.0,0.0,0.0,0.0,0.0,0.0,0.0,0.0
5000,318994,0366m020,5832,True,EXP,36.7382124397,-1.92189667794,4.39677e+09,9.54656e+09,244.781,2872.62,1944.45 .. 731.828,0.0279929,56246.1024842,57348.20897,0.0,11.8664,20.1215,0.0,33.6172,0.0,9.42393,5.61351,-32.4596,-734.889,0.0,44.1836,15.7197,0.0,0.987225,0.0,0.398069,0.0978659,0.000676817,2.23064e-05,0.0 .. 0.0,0.0943844 .. 7.94372,0.134263 .. 12.9244,0.0 .. 0.0,0.229416 .. 21.0668,0.0 .. 0.0,0.0 .. 0.0,-0.0091809 .. 0.542445,-0.0378978 .. 0.634678,0.0 .. 0.0,-0.0452439 .. 0.339654,0.0 .. 0.0,0.0 .. 0.0,18024.4 .. 92.1063,6292.47 .. 32.1045,0.0 .. 0.0,375.217 .. 1.91437,0.0 .. 0.0,0.902126,0.920476,0.94571,0.959785,0.96926,0.97294,0.995267,0.997091,0.999379,0.999765,0,8,4,0,4,0,77,78,25,26,0.0,0.940139,0.974984,0.0,0.913186,0.0,1.01629,0.693162,0.570628,0.147704,0.0,0.0416833,0.0499032,0.0,0.0641398,0.0,0.894024,2.02917,1.62723,1.77761,0.0,0.157651,0.141389,0.0,0.169928,0.0,0.0,0.848466,0.939976,0.0,0.659669,0.0,0,0,0,0,0,0,0,0,0,0,0,0,0,0,0.0,1.27785,1.28845,0.0,1.04502,0.0,0.0,3812.93,1313.8,0.0,118.756,0.0,0.0,2224.32,759.184,0.0,57.6096,0.0,0363m016,10.6784 .. 10.8994,-0.038378 .. 7.95353,0.0635237 .. 0.0612756,0.0163602 .. 0.0118238,12 .. 12,11 .. 12,0.973968 .. 0.567631,200.697 .. 1.74521,0.633578 .. 0.673782,0.744997 .. 0.877304,55216.9146431 .. 57229.725162,55216.9146431 .. 57229.725162,0.0,0.0,7.40693,348.354,-0.200142,23095.3,-0.134046,15082.3,0.0,0.0,0.0,0.0,0.0,0.0
5000,314679,0378m027,2026,True,EXP,37.9767557178,-2.79027363533,5.13061e+10,6.85138e+10,402.986,1246.06,12244.8 .. 6718.69,0.0277748,56246.0798443,56925.2952143,0.0,16.0692,26.7191,0.0,35.1447,0.0,18.3036,3.32069,4.8678,261.504,0.0,112.839,38.6799,0.0,2.62924,0.0,0.771328,0.189105,0.00102748,2.89025e-05,0.0 .. 0.0,0.298474 .. 13.5798,0.466668 .. 22.9787,0.0 .. 0.0,0.597721 .. 31.3003,0.0 .. 0.0,0.0 .. 0.0,0.013548 .. -0.255109,-0.0251718 .. 0.213858,0.0 .. 0.0,-0.0932497 .. 1.18328,0.0 .. 0.0,0.0 .. 0.0,21254.9 .. 103.16,6812.27 .. 35.4898,0.0 .. 0.0,425.038 .. 2.18336,0.0 .. 0.0,0.90285,0.92107,0.946122,0.960092,0.969496,0.973148,0.995304,0.997113,0.999384,0.999767,0,8,4,0,4,0,85,87,25,25,0.0,1.10497,1.07458,0.0,1.01714,0.0,0.802699,0.749207,0.791518,0.102332,0.0,0.00802137,0.0131188,0.0,0.00786,0.0,0.125644,0.904595,6.6895,1.28592,0.0,0.067078,0.0312054,0.0,0.0672354,0.0,0.0,0.993111,0.827177,0.0,0.709782,0.0,0,0,0,0,0,0,0,0,0,0,0,0,0,0,0.0,1.42708,1.24905,0.0,1.18363,0.0,0.0,3682.38,1504.73,0.0,104.861,0.0,0.0,2267.93,841.248,0.0,57.5053,0.0,0378m031,11.0982 .. 15.2905,-3.81361 .. -9.03433,0.0943611 .. 0.121255,0.0270732 .. 0.0237383,10 .. 13,11 .. 13,0.142018 .. 0.176174,0.699396 .. 0.449774,0.410604 .. 0.538558,0.664264 .. 0.448151,55217.3443468 .. 57230.6439672,55217.3443468 .. 57230.6439672,0.0,0.0,4.03199,7883.96,-0.0833459,116334.0,-0.00263049,43622.1,0.0,0.0,0.0,0.0,0.0,0.0
5000,318991,0358m020,1973,True,EXP,35.8281125466,-2.05722107596,2.15753e+10,1.88057e+10,2443.34,1013.25,9395.45 .. 1529.05,0.025082,56246.0968878,57370.1600703,0.0,47.7087,67.2637,0.0,75.5256,0.0,67.077,69.747,168.161,-1849.13,0.0,12.5829,11.4198,0.0,0.62579,0.0,0.214287,0.0579212,0.000417048,1.50137e-05,0.0 .. 0.0,0.156829 .. 20.5637,0.218912 .. 28.3234,0.0 .. 0.0,0.217128 .. 36.0643,0.0 .. 0.0,0.0 .. 0.0,-0.0271915 .. 0.446863,-0.0484595 .. 0.43532,0.0 .. 0.0,-0.0828323 .. 4.36874,0.0 .. 0.0,0.0 .. 0.0,10474.7 .. 59.0815,10588.0 .. 54.0203,0.0 .. 0.0,533.776 .. 2.85796,0.0 .. 0.0,0.911841,0.928442,0.951216,0.963891,0.972412,0.97572,0.995758,0.997393,0.999443,0.99979,0,5,7,0,6,0,81,87,25,25,0.0,0.924563,0.966636,0.0,0.96329,0.0,3.11176,0.897264,0.570508,0.157,0.0,0.120997,0.105813,0.0,0.118094,0.0,0.245493,0.223028,0.552393,1.22187,0.0,0.169342,0.131365,0.0,0.132511,0.0,0.0,0.870937,0.930859,0.0,0.933638,0.0,0,1,0,0,0,0,0,0,0,0,0,0,0,0,0.0,1.23042,1.16512,0.0,1.16084,0.0,0.0,2411.44,2699.76,0.0,145.004,0.0,0.0,1351.9,1441.17,0.0,76.8317,0.0,0363m016,33.9895 .. 86.2624,14.4302 .. 36.6658,0.0260331 .. 0.0320262,0.0089919 .. 0.00716547,9 .. 13,11 .. 13,0.696627 .. 0.252234,3.47766 .. 0.73642,0.943313 .. 1.32638,0.796127 .. 0.773926,55216.9146431 .. 57229.725162,55216.9146431 .. 57229.725162,0.0,0.0,11.852,846.169,0.0331382,65406.2,-0.277208,194547.0,0.0,0.0,0.0,0.0,0.0,0.0
5000,320433,0363m017,21,True,EXP,36.2792293029,-1.87400247186,5.63777e+09,2.44485e+09,3114.73,95.6106,918.704 .. 303.332,0.0318955,56246.1038547,57370.1600703,0.0,7.14542,11.9082,0.0,20.7607,0.0,1.04806,-6.54698,35.0339,-1251.77,0.0,52.2414,26.7612,0.0,1.49829,0.0,0.358363,0.0954422,0.000639544,2.0197e-05,0.0 .. 0.0,0.0375339 .. 5.03497,0.0673395 .. 8.11183,0.0 .. 0.0,0.104448 .. 14.5665,0.0 .. 0.0,0.0 .. 0.0,-0.0197905 .. 0.397852,-0.032974 .. 0.504356,0.0 .. 0.0,-0.0787808 .. 0.327323,0.0 .. 0.0,0.0 .. 0.0,20993.6 .. 106.865,10500.6 .. 53.5743,0.0 .. 0.0,590.185 .. 3.01089,0.0 .. 0.0,0.889264,0.909903,0.938379,0.954309,0.96505,0.969226,0.994609,0.996686,0.999292,0.999733,0,9,7,0,6,0,74,81,25,24,0.0,0.946486,0.936857,0.0,1.05255,0.0,1.05044,0.660182,0.529312,0.097248,0.0,0.0621658,0.0808482,0.0,0.0946621,0.0,16.5302,4.14896,3.51646,0.976071,0.0,0.154054,0.152922,0.0,0.141376,0.0,0.0,0.864757,0.847402,0.0,0.94373,0.0,0,0,0,0,0,0,0,0,0,0,0,0,0,0,0.0,1.3296,1.27195,0.0,1.13937,0.0,0.0,4123.3,2245.01,0.0,157.347,0.0,0.0,2462.21,1293.17,0.0,81.853,0.0,0363m016,-4.65277 .. 0.862183,-21.2507 .. -11.233,0.0558557 .. 0.0602995,0.0157231 .. 0.0124995,11 .. 14,11 .. 14,4.55019 .. 12.3909,1.43878 .. 1.94648,0.584163 .. 0.773067,0.579188 .. 0.766539,55216.9146431 .. 57229.725162,55216.9146431 .. 57229.725162,0.0,0.0,8.59964,142.472,0.24332,10919.2,0.284302,12934.5,0.0,0.0,0.0,0.0,0.0,0.0
5000,313206,0296m030,3963,True,EXP,29.5894548347,-2.95306327792,2.24223e+10,3.81832e+10,2287.26,2444.42,7248.2 .. 58329.9,0.0279658,56569.2731071,57042.0486625,0.0,28.1652,41.6536,0.0,51.3805,0.0,19.1412,6.96697,-69.0394,-195.435,0.0,19.2378,25.07,0.0,0.963285,0.0,0.421732,0.0947618,0.000529093,1.71103e-05,0.0 .. 0.0,0.20056 .. 17.9691,0.331841 .. 25.205,0.0 .. 0.0,0.438965 .. 31.4496,0.0 .. 0.0,0.0 .. 0.0,-0.0297401 .. 0.85473,-0.00986599 .. 0.624157,0.0 .. 0.0,-0.00227733 .. -0.0294034,0.0 .. 0.0,0.0 .. 0.0,7980.92 .. 40.719,10210.6 .. 51.1852,0.0 .. 0.0,367.53 .. 1.87515,0.0 .. 0.0,0.902216,0.92055,0.945762,0.959824,0.969289,0.972966,0.995272,0.997094,0.999379,0.999766,0,3,4,0,3,0,85,83,20,20,0.0,1.12662,1.12171,0.0,0.983607,0.0,1.11781,0.829692,0.928954,0.134372,0.0,0.030654,0.0728961,0.0,0.212001,0.0,0.645497,1.30531,1.35098,2.41481,0.0,0.107973,0.12473,0.0,0.0809842,0.0,0.0,0.75514,0.800659,0.0,0.73783,0.0,0,0,0,0,0,0,0,0,0,0,0,0,0,0,0.0,1.58311,1.42842,0.0,1.31206,0.0,0.0,1100.29,1730.21,0.0,74.1011,0.0,0.0,730.854,1064.54,0.0,41.2964,0.0,0302m031,10.2296 .. 15.3729,22.7475 .. -7.15038,0.0366524 .. 0.0581745,0.00996511 .. 0.0124001,7 .. 11,7 .. 12,1.20903 .. 0.798669,0.50587 .. 1.67706,0.501394 .. 0.906719,0.775114 .. 0.615694,55210.0331196 .. 57223.6239657,55210.0331196 .. 57223.6239657,0.0,0.0,7.44924,1563.3,-0.145863,72286.0,-0.197248,101144.0,0.0,0.0,0.0,0.0,0.0,0.0
5000,306051,0384m042,5330,True,COMP,38.3798041928,-4.1496250642,2.93948e+09,7.64747e+09,2465.11,3178.68,548.358 .. 937.23,0.0248219,56245.0978162,57361.1909416,0.0,1.56175,1.50639,0.0,1.4659,0.0,2.06233,5.47501,29.4881,555.722,0.0,275.892,77.8925,0.0,27.5349,0.0,0.972887,0.219886,0.0011564,3.00016e-05,0.0 .. 0.0,0.154496 .. 11.1823,0.189733 .. 16.68,0.0 .. 0.0,0.222162 .. 26.2164,0.0 .. 0.0,0.0 .. 0.0,0.00120703 .. 0.0592169,-0.0106708 .. 0.166073,0.0 .. 0.0,-0.0349224 .. 1.1057,0.0 .. 0.0,0.0 .. 0.0,18343.8 .. 93.5908,4472.97 .. 22.8213,0.0 .. 0.0,1448.8 .. 7.3713,0.0 .. 0.0,0.912714,0.929157,0.951709,0.964258,0.972694,0.975969,0.995802,0.99742,0.999449,0.999792,0,6,3,0,7,0,88,88,27,27,0.0,1.12993,1.17647,0.0,1.21532,0.0,0.647444,0.5069,0.56681,0.162682,0.0,2.04862,2.82944,0.0,3.77736,0.0,4.92974,1.51787,1.96359,0.944738,0.0,0.0288402,0.0282361,0.0,0.029556,0.0,0.0,0.794943,0.694842,0.0,0.920136,0.0,0,0,0,0,0,0,0,0,0,0,0,0,0,0,0.0,1.56229,1.29204,0.0,1.22815,0.0,0.0,2609.17,929.606,0.0,333.304,0.0,0.0,1708.56,537.17,0.0,188.625,0.0,0379m046,-2.29344 .. 2.48817,6.02122 .. -0.932058,0.118999 .. 0.144215,0.0325422 .. 0.02759,11 .. 13,11 .. 13,8.01127 .. 3.59461,1.28999 .. 10.8205,0.661175 .. 0.729656,0.609382 .. 0.524565,55217.2117874 .. 57230.2506846,55217.2117874 .. 57230.2506846,0.664643,720.634,2.21854,28.2351,0.0555718,112.008,0.497132,202.623,6.50184,3.30235,-0.737909,493.021,-0.301335,344.295
5000,303179,0384m047,3662,True,COMP,38.3784209698,-4.74190433991,3.10822e+12,3.90773e+12,3216.4,1910.63,453787.0 .. 1.10997e+06,0.0271131,56243.1731401,56997.208228,0.0,33.3607,70.1284,0.0,123.28,0.0,96.6841,75.0813,357.821,441.322,0.0,237.923,88.0183,0.0,27.1238,0.0,1.16073,0.261762,0.00137184,3.41546e-05,0.0 .. 0.0,1.15248 .. 35.2694,3.21939 .. 68.0298,0.0 .. 0.0,6.92021 .. 111.004,0.0 .. 0.0,0.0 .. 0.0,-0.222745 .. 2.54863,-0.0879598 .. -0.348376,0.0 .. 0.0,0.46908 .. -9.13254,0.0 .. 0.0,0.0 .. 0.0,24848.7 .. 129.124,9117.94 .. 46.5201,0.0 .. 0.0,1975.29 .. 10.0359,0.0 .. 0.0,0.905051,0.922876,0.947371,0.961024,0.970211,0.97378,0.995416,0.997182,0.999398,0.999773,0,9,6,0,11,0,82,84,26,25,0.0,2.09407,1.5489,0.0,1.73688,0.0,2.85287,1.72452,0.597657,0.144264,0.0,6.23786e-06,6.27396e-06,0.0,7.1692e-06,0.0,0.00727166,0.0125825,0.0624883,0.496692,0.0,0.0144792,0.00770238,0.0,0.0104499,0.0,0.0,1.01624,1.01517,0.0,1.02021,0.0,0,0,0,0,0,0,0,0,0,0,0,0,0,0,0.0,1.63887,1.36992,0.0,1.17783,0.0,0.0,3281.48,1701.53,0.0,496.934,0.0,0.0,2213.56,1014.36,0.0,266.141,0.0,0379m046,101.379 .. 94.9592,74.906 .. 78.9178,0.17202 .. 0.197042,0.0436286 .. 0.034829,12 .. 14,12 .. 14,0.00759655 .. 0.00727885,0.0336377 .. 0.025159,1.61551 .. 1.98426,1.26496 .. 0.76067,55217.2117874 .. 57230.2506846,55217.2117874 .. 57230.2506846,0.0781647,4.08668e+06,2.96306,101146.0,-0.0128885,591298.0,-0.165996,1.43954e+06,0.785838,8686.2,-0.489433,4906.5,0.542105,4380.81
5000,304582,0302m045,1521,True,EXP,30.1133295817,-4.56223622635,1.24635e+10,1.80763e+10,3108.71,944.259,4018.46 .. 1285.05,0.0228741,56592.1481317,57361.1666777,0.0,31.3767,39.5885,0.0,42.934,0.0,30.2852,18.1003,-178.089,201.411,0.0,20.048,12.2014,0.0,0.877452,0.0,0.380027,0.0880537,0.000597637,2.04138e-05,0.0 .. 0.0,0.150962 .. 20.02,0.197754 .. 24.9485,0.0 .. 0.0,0.251182 .. 27.1836,0.0 .. 0.0,0.0 .. 0.0,-0.059805 .. 1.5076,-0.0711679 .. 2.07912,0.0 .. 0.0,-0.0204384 .. 2.6855,0.0 .. 0.0,0.0 .. 0.0,10554.2 .. 53.8478,6310.85 .. 32.1982,0.0 .. 0.0,465.214 .. 2.11748,0.0 .. 0.0,0.919279,0.93453,0.955413,0.967016,0.97481,0.977833,0.996131,0.997622,0.999492,0.999808,0,4,4,0,5,0,89,87,25,26,0.0,1.08326,1.06389,0.0,0.956982,0.0,4.64328,0.811106,0.692513,0.127445,0.0,0.0589619,0.0564784,0.0,0.0601069,0.0,0.394021,0.521989,0.786908,2.83584,0.0,0.1015,0.100713,0.0,0.137056,0.0,0.0,0.926029,0.919669,0.0,0.890712,0.0,0,0,0,0,0,0,0,0,0,0,0,0,0,0,0.0,1.59756,1.1641,0.0,1.04973,0.0,0.0,1435.97,1612.34,0.0,146.173,0.0,0.0,967.383,863.119,0.0,70.5572,0.0,0303m046,27.2928 .. 23.4415,30.9589 .. 16.4915,0.0385001 .. 0.0533822,0.0111858 .. 0.0107756,9 .. 12,9 .. 12,0.542232 .. 0.530319,0.384163 .. 0.603391,1.15739 .. 1.20328,0.630082 .. 0.625701,55209.6358871 .. 57223.2305559,55209.6358871 .. 57223.2305559,0.0,0.0,7.82618,909.574,-0.0901155,41444.4,-0.146872,66380.4,0.0,0.0,0.0,0.0,0.0,0.0
5000,304578,0292m045,2189,True,EXP,29.1199097135,-4.53064092613,1.94148e+10,1.64882e+10,2980.48,1378.41,3720.43 .. 1912.61,0.0253757,56544.3820279,57346.1304711,0.0,9.61693,18.305,0.0,25.1804,0.0,15.4282,10.6251,-0.827465,153.639,0.0,83.9011,32.23,0.0,3.31457,0.0,0.693122,0.163814,0.000924199,2.7511e-05,0.0 .. 0.0,0.152098 .. 8.48004,0.292674 .. 15.7007,0.0 .. 0.0,0.369286 .. 21.4144,0.0 .. 0.0,0.0 .. 0.0,-0.000758566 .. 0.319824,-0.00891535 .. 0.375968,0.0 .. 0.0,-0.0422027 .. 0.375075,0.0 .. 0.0,0.0 .. 0.0,16419.4 .. 83.6285,6091.97 .. 31.0815,0.0 .. 0.0,603.95 .. 3.08138,0.0 .. 0.0,0.910856,0.927635,0.950659,0.963476,0.972093,0.975439,0.995709,0.997362,0.999437,0.999787,0,8,6,0,6,0,83,84,24,25,0.0,0.996103,0.958351,0.0,0.951048,0.0,1.00194,0.636576,0.512002,0.181174,0.0,0.000326313,0.000487761,0.0,0.00173575,0.0,0.265237,0.357065,24.8403,2.70671,0.0,0.0578685,0.0554084,0.0,0.0570345,0.0,0.0,1.00315,1.00848,0.0,1.01156,0.0,0,0,0,0,0,0,0,0,0,0,0,0,0,0,0.0,1.58633,1.25999,0.0,1.27157,0.0,0.0,2241.97,1331.68,0.0,129.212,0.0,0.0,1449.17,749.952,0.0,72.5458,0.0,0288m046,11.6647 .. 8.63601,-3.00288 .. 8.60123,0.089089 .. 0.106404,0.0232946 .. 0.0211914,10 .. 13,10 .. 13,0.326876 .. 0.403818,0.790094 .. 0.443997,0.630757 .. 0.803185,0.576477 .. 0.600308,55208.511106 .. 57221.8528888,55208.511106 .. 57221.8528251,0.0,0.0,4.31055,1400.9,0.0556627,26047.2,-0.0614914,25794.2,0.0,0.0,0.0,0.0,0.0,0.0
5000,294577,0395m062,2938,True,EXP,39.4815592814,-6.25659310908,2.87445e+10,3.45023e+10,3348.56,1708.74,18788.7 .. 4770.07,0.0297248,56241.1694274,57375.1153007,0.0,50.0432,78.494,0.0,95.2599,0.0,46.0169,21.7636,18.2468,-228.513,0.0,25.7297,8.60128,0.0,1.41811,0.0,0.268323,0.0672146,0.000467538,1.64553e-05,0.0 .. 0.0,0.169459 .. 22.4792,0.257986 .. 33.8679,0.0 .. 0.0,0.305756 .. 41.4243,0.0 .. 0.0,0.0 .. 0.0,-0.0508324 .. 1.04689,-0.0970254 .. 0.468626,0.0 .. 0.0,-0.134742 .. 0.617581,0.0 .. 0.0,0.0 .. 0.0,21151.6 .. 107.916,6888.22 .. 35.144,0.0 .. 0.0,1064.85 .. 5.43292,0.0 .. 0.0,0.896396,0.915769,0.94245,0.957351,0.967389,0.97129,0.994975,0.996911,0.99934,0.999751,0,7,4,0,7,0,84,84,24,24,0.0,1.14932,1.16879,0.0,0.963334,0.0,1.47275,1.03464,0.84482,0.134171,0.0,0.00536877,0.00583891,0.0,0.0126211,0.0,0.121253,0.350797,2.10115,1.17702,0.0,0.131398,0.10959,0.0,0.125531,0.0,0.0,0.874649,0.98862,0.0,0.894918,0.0,0,0,0,0,0,0,0,0,0,0,0,0,0,0,0.0,1.62301,1.22357,0.0,1.23864,0.0,0.0,2792.95,1587.07,0.0,240.208,0.0,0.0,1854.19,866.352,0.0,135.353,0.0,0394m061,32.4986 .. 51.4006,9.45083 .. 18.8341,0.0328053 .. 0.0372476,0.0095579 .. 0.0079974,10 .. 12,10 .. 12,0.185843 .. 0.0904381,1.70034 .. 0.367747,0.882091 .. 0.931757,0.709284 .. 0.69854,55217.6415549 .. 57235.2695758,55217.6415549 .. 57235.2695758,0.0,0.0,9.53589,2714.11,-0.0367878,101498.0,0.137044,264281.0,0.0,0.0,0.0,0.0,0.0,0.0
5000,293136,0373m065,6017,True,EXP,37.3207630156,-6.4160298416,2.5103e+10,4.9534e+10,1958.43,2953.29,12315.5 .. 6229.28,0.0321707,56241.1497421,57003.181515,0.0,12.504,15.6807,0.0,17.6867,0.0,5.91734,-3.85293,-123.755,-352.265,0.0,149.73,73.2678,0.0,6.91176,0.0,0.698135,0.168626,0.000888605,2.68646e-05,0.0 .. 0.0,0.205554 .. 11.7503,0.223433 .. 14.9917,0.0 .. 0.0,0.230741 .. 17.0994,0.0 .. 0.0,0.0 .. 0.0,0.00999903 .. -0.479899,-0.0284497 .. -0.368191,0.0 .. 0.0,-0.0721576 .. -1.21111,0.0 .. 0.0,0.0 .. 0.0,32434.7 .. 164.141,14658.4 .. 77.3664,0.0 .. 0.0,1315.81 .. 6.71334,0.0 .. 0.0,0.888364,0.909162,0.937865,0.953924,0.964754,0.968965,0.994563,0.996657,0.999286,0.99973,0,10,10,0,8,0,83,84,23,24,0.0,1.14033,1.031,0.0,1.04663,0.0,0.788263,0.58954,0.634256,0.135194,0.0,0.182544,0.173948,0.0,0.197158,0.0,0.927235,3.80702,1.01181,1.30346,0.0,0.0785481,0.104973,0.0,0.0704884,0.0,0.0,1.01832,0.978682,0.0,0.814194,0.0,0,0,1,0,0,0,0,0,0,0,0,0,0,0,0.0,1.69004,1.4944,0.0,1.16611,0.0,0.0,3976.06,2268.08,0.0,334.201,0.0,0.0,2679.7,1429.19,0.0,176.889,0.0,0379m061,4.12221 .. 5.49375,-1.17201 .. -4.56428,0.0781789 .. 0.116813,0.0210212 .. 0.0242313,9 .. 14,9 .. 14,2.53391 .. 0.571802,12.887 .. 4.06417,0.621162 .. 0.851963,0.59876 .. 0.610345,55216.9138154 .. 57229.7916322,55216.9799678 .. 57229.726117,0.0,0.0,5.03478,2099.6,-0.18852,71425.6,-0.101827,41069.2,0.0,0.0,0.0,0.0,0.0,0.0
5000,293135,0370m065,5634,True,EXP,36.9708314108,-6.41619947779,4.36976e+10,7.54677e+10,3303.86,2950.8,59193.8 .. 6026.26,0.0310183,56241.1497421,57003.181515,0.0,70.4755,102.429,0.0,123.108,0.0,57.8162,24.091,5.89566,1206.26,0.0,22.2426,13.586,0.0,1.05443,0.0,0.193753,0.0486084,0.000345032,1.27389e-05,0.0 .. 0.0,0.202187 .. 24.1368,0.322617 .. 34.4648,0.0 .. 0.0,0.378219 .. 41.6218,0.0 .. 0.0,0.0 .. 0.0,-0.0259215 .. -1.59923,-0.0146717 .. -2.37049,0.0 .. 0.0,-0.0325784 .. -2.8666,0.0 .. 0.0,0.0 .. 0.0,24617.3 .. 125.598,14751.7 .. 75.2639,0.0 .. 0.0,1063.6 .. 5.42653,0.0 .. 0.0,0.89214,0.912269,0.940022,0.955537,0.965995,0.97006,0.994757,0.996777,0.999312,0.99974,0,8,9,0,7,0,79,81,23,23,0.0,1.19363,1.36259,0.0,1.2391,0.0,2.97579,0.789417,0.567638,0.124543,0.0,0.123316,0.125588,0.0,0.174218,0.0,0.464517,0.9807,16.2126,0.719823,0.0,0.0875688,0.0891004,0.0,0.0867767,0.0,0.0,0.88042,0.892174,0.0,0.994579,0.0,0,0,0,0,0,0,0,0,0,0,0,0,0,0,0.0,1.71096,1.53948,0.0,1.18032,0.0,0.0,2929.56,2156.42,0.0,263.658,0.0,0.0,1998.34,1387.35,0.0,142.057,0.0,0364m061,59.0525 .. 58.9742,9.69679 .. -0.18647,0.0270112 .. 0.031985,0.00780706 .. 0.0063425,11 .. 13,11 .. 13,0.459185 .. 0.520037,2.93393 .. 147.173,1.01267 .. 1.28276,0.683097 .. 0.61155,55214.0023886 .. 57228.4139014,55214.0023886 .. 57228.4139014,0.0,0.0,14.3454,2818.16,-0.153582,320133.0,0.343579,662932.0,0.0,0.0,0.0,0.0,0.0,0.0
5000,298860,0352m055,2692,True,EXP,35.3155047562,-5.53963905314,1.24159e+09,1.12071e+09,1204.06,1254.82,1375.3 .. 157.684,0.0259315,56233.1502023,57403.0693393,0.0,7.04029,13.3638,0.0,17.8574,0.0,11.8047,11.4801,-171.343,485.922,0.0,27.9464,13.4865,0.0,2.06358,0.0,0.271131,0.0684137,0.000464609,1.67305e-05,0.0 .. 0.0,0.0263867 .. 4.33985,0.0661632 .. 7.18847,0.0 .. 0.0,0.036047 .. 9.627,0.0 .. 0.0,0.0 .. 0.0,-0.00732683 .. 0.143052,-0.00607072 .. 0.118303,0.0 .. 0.0,-0.045002 .. 0.464155,0.0 .. 0.0,0.0 .. 0.0,23023.0 .. 117.464,11106.0 .. 56.6624,0.0 .. 0.0,1663.38 .. 8.48661,0.0 .. 0.0,0.908995,0.92611,0.949606,0.962691,0.971491,0.974908,0.995615,0.997305,0.999425,0.999783,0,6,8,0,9,0,85,88,24,25,0.0,0.814895,0.800138,0.0,0.836825,0.0,1.26281,0.78993,0.592211,0.0767396,0.0,0.346741,0.253259,0.0,0.251247,0.0,1.46276,2.00528,1.49512,1.89845,0.0,0.262184,0.258583,0.0,0.25879,0.0,0.0,0.840276,0.837457,0.0,0.840047,0.0,0,0,0,0,0,0,0,0,0,0,0,0,0,0,0.0,1.4355,1.24364,0.0,1.15304,0.0,0.0,3875.09,2478.99,0.0,431.623,0.0,0.0,2376.24,1349.3,0.0,225.403,0.0,0349m061,14.5284 .. 5.27556,3.18766 .. -9.54985,0.0333032 .. 0.0434803,0.00943858 .. 0.00949412,10 .. 14,10 .. 14,1.76075 .. 3.99312,12.0492 .. 4.22964,0.751129 .. 0.589554,0.68442 .. 0.622396,55212.8114551 .. 57226.9705285,55212.8114551 .. 57226.9705285,0.0,0.0,10.4074,62.5689,0.0258255,2228.51,0.240902,9967.76,0.0,0.0,0.0,0.0,0.0,0.0
5000,297426,0352m057,4476,True,EXP,35.3537622737,-5.73285733689,1.15963e+10,1.14808e+10,681.209,2034.97,3447.49 .. 1626.3,0.0238593,56233.1502023,57004.1690948,0.0,22.4357,32.8947,0.0,43.8286,0.0,13.8802,7.33255,3.78898,613.778,0.0,27.8431,3.69424,0.0,2.85404,0.0,0.49397,0.122346,0.000704321,2.19896e-05,0.0 .. 0.0,0.235801 .. 15.531,0.318678 .. 23.1931,0.0 .. 0.0,0.393049 .. 30.2761,0.0 .. 0.0,0.0 .. 0.0,0.0259119 .. -0.0128755,-0.00532527 .. 0.769634,0.0 .. 0.0,-0.0284752 .. 0.646332,0.0 .. 0.0,0.0 .. 0.0,8980.89 .. 47.3725,1145.16 .. 6.45118,0.0 .. 0.0,977.866 .. 4.69489,0.0 .. 0.0,0.915952,0.931808,0.953538,0.96562,0.973739,0.97689,0.995965,0.99752,0.999471,0.9998,0,3,2,0,5,0,84,86,23,23,0.0,0.966294,0.73573,0.0,0.955881,0.0,0.617153,0.771448,0.905776,0.139748,0.0,0.0204674,0.0213719,0.0,0.0249882,0.0,0.475905,0.739689,9.26038,1.53763,0.0,0.167704,0.280301,0.0,0.150195,0.0,0.0,0.906494,0.534373,0.0,0.8581,0.0,0,1,1,0,0,0,0,0,0,0,0,0,0,0,0.0,1.76474,1.21706,0.0,1.24165,0.0,0.0,867.934,267.375,0.0,219.403,0.0,0.0,582.24,151.684,0.0,122.864,0.0,0349m061,5.51721 .. 16.4973,7.38947 .. 8.33637,0.0608366 .. 0.0811882,0.0169122 .. 0.0169321,10 .. 14,10 .. 14,1.61952 .. 0.196081,1.04386 .. 1.57513,0.764889 .. 0.879304,0.880619 .. 0.68816,55212.8114551 .. 57226.9705285,55212.8114551 .. 57226.9705285,0.0,0.0,5.75233,1581.57,0.00928938,17428.9,-0.064157,45987.6,0.0,0.0,0.0,0.0,0.0,0.0
5000,359697,1372p050,2255,True,EXP,137.273007945,4.9951904143,6.29371e+09,5.27619e+09,1570.35,1733.42,2040.29 .. 15392.8,0.0420962,56384.0478109,57813.0380684,0.0,32.7516,56.035,0.0,81.7461,0.0,30.2425,23.1895,190.346,378.908,0.0,13.0661,2.89675,0.0,0.681525,0.0,0.21652,0.0476608,0.00021083,7.60461e-06,0.0 .. 0.0,0.119603 .. 13.5615,0.200121 .. 23.207,0.0 .. 0.0,0.274332 .. 32.6523,0.0 .. 0.0,0.0 .. 0.0,-0.00747642 .. 0.368365,-0.0313954 .. 0.669208,0.0 .. 0.0,-0.0509416 .. -0.250244,0.0 .. 0.0,0.0 .. 0.0,11826.2 .. 60.3379,2640.08 .. 13.4698,0.0 .. 0.0,592.111 .. 3.02097,0.0 .. 0.0,0.856506,0.882838,0.919485,0.940141,0.954132,0.959586,0.992891,0.995628,0.999066,0.999647,0,4,3,0,4,0,84,75,12,12,0.0,0.856641,0.859848,0.0,0.896087,0.0,0.831249,0.905571,0.726065,0.15864,0.0,0.0185868,0.0225688,0.0,0.050485,0.0,0.297688,0.278755,0.218715,1.92772,0.0,0.157725,0.152025,0.0,0.155841,0.0,0.0,0.917581,0.912205,0.0,0.920569,0.0,0,0,0,0,0,0,0,0,0,0,0,0,0,0,0.0,1.55996,1.17303,0.0,1.45211,0.0,0.0,1692.24,664.138,0.0,97.187,0.0,0.0,1086.47,356.882,0.0,60.4536,0.0,1367p045,21.8037 .. 0.0,33.9617 .. 0.0,0.0344293 .. 0.0,0.0102312 .. 0.0,12 .. 0,12 .. 0,0.418223 .. 0.0,0.232437 .. 0.0,0.734042 .. 0.0,0.784514 .. 0.0,55319.664747 .. 0.0,55319.664747 .. 0.0,0.0,0.0,9.22189,460.65,0.0451623,50798.3,-0.0195249,19399.7,0.0,0.0,0.0,0.0,0.0,0.0
5000,338467,2248p012,680,True,EXP,224.997278919,1.16764606168,2.88822e+09,4.32294e+09,119.676,667.955,1283.27 .. 503.124,0.0470585,56383.3717096,57876.3276211,0.0,13.1284,24.6336,0.0,35.0433,0.0,18.95,6.67557,-89.5866,-579.97,0.0,17.3533,6.49895,0.0,1.1112,0.0,0.348788,0.0827914,0.000641806,2.0542e-05,0.0 .. 0.0,0.107743 .. 13.1504,0.182708 .. 24.1997,0.0 .. 0.0,0.155445 .. 33.166,0.0 .. 0.0,0.0 .. 0.0,-0.00470231 .. 0.213242,-0.0138057 .. 0.769696,0.0 .. 0.0,-0.122616 .. -0.0761768,0.0 .. 0.0,0.0 .. 0.0,7921.49 .. 40.4158,2960.58 .. 15.105,0.0 .. 0.0,491.248 .. 2.50637,0.0 .. 0.0,0.841009,0.869965,0.910432,0.933326,0.948866,0.954931,0.992057,0.995114,0.998956,0.999606,0,3,3,0,4,0,74,75,25,25,0.0,0.973714,0.935181,0.0,0.936113,0.0,0.956248,0.959068,0.648304,0.145189,0.0,0.494913,0.458976,0.0,0.479191,0.0,0.883981,3.08421,1.05981,0.836836,0.0,0.151206,0.149312,0.0,0.150128,0.0,0.0,1.02807,1.01651,0.0,1.00497,0.0,0,0,0,0,0,0,0,0,0,0,0,0,0,0,0.0,1.4487,1.61201,0.0,1.46455,0.0,0.0,1312.9,392.786,0.0,79.1819,0.0,0.0,784.385,253.399,0.0,49.6632,0.0,2253p015,13.356 .. 18.4276,-6.70618 .. -8.81669,0.0597751 .. 0.0637617,0.0157248 .. 0.0133019,13 .. 14,13 .. 14,1.54651 .. 0.912542,4.97783 .. 2.0607,0.678581 .. 0.85382,0.852612 .. 0.695888,55229.7838413 .. 57230.4145684,55229.7838413 .. 57230.4145684,0.0,0.0,8.36436,157.877,-0.112875,7451.98,0.26413,16847.8,0.0,0.0,0.0,0.0,0.0,0.0
5000,335561,2183p007,725,True,EXP,218.435896429,0.64845648982,8.17312e+08,7.20653e+08,962.807,404.249,146.302 .. 43.5386,0.0376752,56699.352778,57876.325677,0.0,1.39442,2.92093,0.0,4.22514,0.0,0.876068,-0.822871,-43.0195,660.085,0.0,30.5762,14.0543,0.0,24.5416,0.0,0.885491,0.191975,0.000947736,2.58366e-05,0.0 .. 0.0,0.0323036 .. 1.83363,0.0215507 .. 3.84853,0.0 .. 0.0,0.10726 .. 5.17212,0.0 .. 0.0,0.0 .. 0.0,-0.00954704 .. 0.164148,-0.0414894 .. 0.746056,0.0 .. 0.0,0.0112913 .. 0.017677,0.0 .. 0.0,0.0 .. 0.0,4609.88 .. 24.1055,2031.28 .. 10.4517,0.0 .. 0.0,3430.36 .. 17.5018,0.0 .. 0.0,0.870553,0.894468,0.927627,0.946256,0.958849,0.963752,0.993636,0.996087,0.999164,0.999684,0,2,2,0,5,0,91,89,22,22,0.0,0.745084,0.731432,0.0,0.926912,0.0,0.576068,1.00365,0.608609,0.115675,0.0,0.0798876,0.0584235,0.0,0.118522,0.0,11.6594,14.4664,0.947129,1.45132,0.0,0.289237,0.265352,0.0,0.191037,0.0,0.0,0.710578,0.687302,0.0,0.936432,0.0,0,0,0,0,0,0,0,0,0,0,0,0,0,0,0.0,1.83123,1.37851,0.0,1.08473,0.0,0.0,475.621,369.473,0.0,1008.22,0.0,0.0,341.668,227.731,0.0,505.913,0.0,2178p000,-3.82431 .. -1.4097,-6.33821 .. 6.18984,0.108631 .. 0.120521,0.0279047 .. 0.0262047,11 .. 11,11 .. 12,2.78829 .. 8.07328,1.88311 .. 1.05079,0.568043 .. 0.830978,0.479135 .. 0.540041,55221.7782269 .. 57224.4767464,55221.7782269 .. 57222.3446672,0.0,0.0,4.12617,47.2224,0.0258155,353.651,0.195523,1112.23,0.0,0.0,0.0,0.0,0.0,0.0
5000,335421,1833p007,1461,True,EXP,183.402466501,0.690983100837,2.84047e+10,1.28187e+10,1422.12,988.582,3817.4 .. 5782.97,0.0309113,56384.2329841,57894.9832863,0.0,13.7755,19.3236,0.0,24.8106,0.0,11.5775,-0.268894,44.5314,-415.044,0.0,45.4734,14.8006,0.0,5.64806,0.0,0.770829,0.152606,0.000464112,1.4146e-05,0.0 .. 0.0,0.244069 .. 11.9827,0.352198 .. 18.088,0.0 .. 0.0,0.432269 .. 23.2254,0.0 .. 0.0,0.0 .. 0.0,-0.0204096 .. -0.165999,-0.0369621 .. 1.10173,0.0 .. 0.0,-0.0748323 .. 1.54057,0.0 .. 0.0,0.0 .. 0.0,7170.81 .. 36.5857,2210.89 .. 11.2801,0.0 .. 0.0,806.039 .. 4.10439,0.0 .. 0.0,0.892491,0.912558,0.940223,0.955687,0.96611,0.970162,0.994775,0.996788,0.999314,0.999741,0,3,3,0,6,0,88,79,12,13,0.0,1.13288,1.00745,0.0,1.06441,0.0,0.886746,0.739304,0.49044,0.13111,0.0,0.0376599,0.0577438,0.0,0.0952969,0.0,0.545075,10.8397,1.40757,1.03474,0.0,0.0475448,0.047068,0.0,0.0481332,0.0,0.0,1.01638,1.01429,0.0,0.863528,0.0,0,0,0,0,0,0,0,0,0,0,0,0,0,0,0.0,1.54761,1.42346,0.0,1.27261,0.0,0.0,1033.06,377.696,0.0,172.262,0.0,0.0,693.76,238.018,0.0,97.2457,0.0,1830p000,11.3629 .. 0.0,-8.6099 .. 0.0,0.199285 .. 0.0,0.0318526 .. 0.0,25 .. 0,17 .. 0,0.650785 .. 0.0,0.515419 .. 0.0,0.771736 .. 0.0,0.729147 .. 0.0,55366.3032042 .. 0.0,55366.3032042 .. 0.0,0.0,0.0,4.33615,1159.02,0.228832,34390.5,-0.0197234,12137.0,0.0,0.0,0.0,0.0,0.0,0.0
5000,335416,1821p007,4718,True,EXP,182.028914866,0.868034278366,4.93052e+08,4.8841e+08,3119.61,3421.36,102.101 .. 121.243,0.0256385,56402.2230453,57842.1530704,0.0,1.08015,1.24449,0.0,1.12581,0.0,5.00131,9.53563,-50.0615,414.662,0.0,126.56,19.1907,0.0,7.30797,0.0,1.0725,0.203099,0.000610435,1.64802e-05,0.0 .. 0.0,0.0660423 .. 7.20285,0.0925095 .. 8.89244,0.0 .. 0.0,0.0840283 .. 9.39008,0.0 .. 0.0,0.0 .. 0.0,-0.00985206 .. 0.190149,3.98378e-05 .. 0.326393,0.0 .. 0.0,-0.00587287 .. 0.160316,0.0 .. 0.0,0.0 .. 0.0,8515.68 .. 42.2941,1120.72 .. 5.71795,0.0 .. 0.0,471.493 .. 2.02896,0.0 .. 0.0,0.909975,0.926913,0.950161,0.963104,0.971809,0.975188,0.995664,0.997335,0.999431,0.999785,0,3,1,0,4,0,80,73,12,14,0.0,1.02297,1.05872,0.0,0.946437,0.0,1.18681,0.61815,0.512219,0.143254,0.0,1.79104,3.01032,0.0,2.04158,0.0,0.746064,1.06934,0.612492,1.19172,0.0,0.027406,0.0337471,0.0,0.0965147,0.0,0.0,1.03379,0.515202,0.0,1.01037,0.0,0,0,0,0,0,0,0,0,0,0,0,0,0,0,0.0,1.82416,1.36558,0.0,1.34543,0.0,0.0,879.198,207.828,0.0,89.8936,0.0,0.0,620.334,127.278,0.0,50.7348,0.0,1815p015,5.25832 .. 0.0,8.00494 .. 0.0,0.171132 .. 0.0,0.0492533 .. 0.0,12 .. 0,13 .. 0,1.26483 .. 0.0,2.59032 .. 0.0,0.864609 .. 0.0,1.12629 .. 0.0,55363.1943829 .. 0.0,55363.1943829 .. 0.0,0.0,0.0,3.13228,16.7816,0.00425658,114.238,-0.414843,257.588,0.0,0.0,0.0,0.0,0.0,0.0
5000,339730,1806p015,4333,True,EXP,180.65429642,1.50746736573,1.92287e+09,6.74483e+09,1397.09,1902.11,1006.17 .. 359.85,0.0203578,56384.2314637,57844.1668057,0.0,8.17811,15.809,0.0,20.5856,0.0,2.45563,-0.136006,-203.344,1028.07,0.0,19.257,16.3665,0.0,5.59063,0.0,0.322233,0.0685191,0.000332912,1.05162e-05,0.0 .. 0.0,0.0828373 .. 5.51168,0.124397 .. 10.1294,0.0 .. 0.0,0.160713 .. 13.3236,0.0 .. 0.0,0.0 .. 0.0,0.0105605 .. 0.185781,-0.01529 .. 0.142072,0.0 .. 0.0,-0.0282359 .. 0.329797,0.0 .. 0.0,0.0 .. 0.0,7301.52 .. 37.2527,5782.36 .. 30.894,0.0 .. 0.0,2041.45 .. 10.3684,0.0 .. 0.0,0.92783,0.941517,0.960219,0.970591,0.977549,0.980247,0.996556,0.997883,0.999548,0.999829,0,4,7,0,10,0,65,61,13,13,0.0,0.837383,0.829307,0.0,0.876576,0.0,0.887195,0.664804,0.605449,0.111853,0.0,0.00760026,0.00826755,0.0,0.0167571,0.0,1.72455,29.8621,0.504314,0.669423,0.0,0.166572,0.1752,0.0,0.165304,0.0,0.0,0.771535,0.971205,0.0,0.966735,0.0,0,0,0,0,0,0,0,0,0,0,0,0,0,0,0.0,1.57704,1.1611,0.0,1.18877,0.0,0.0,1020.01,1541.87,0.0,499.462,0.0,0.0,679.695,752.406,0.0,271.111,0.0,1800p015,2.07544 .. 0.0,7.22277 .. 0.0,0.0618715 .. 0.0,0.0138561 .. 0.0,12 .. 0,9 .. 0,2.38775 .. 0.0,0.976031 .. 0.0,0.64502 .. 0.0,0.750991 .. 0.0,55361.8713457 .. 0.0,55361.8713457 .. 0.0,0.0,0.0,7.82957,168.483,-0.322069,16948.4,0.0105951,5518.07,0.0,0.0,0.0,0.0,0.0,0.0
5000,339732,1811p015,2398,True,EXP,181.170195179,1.45058786064,2.49556e+10,4.59689e+10,1178.7,1120.56,7812.86 .. 3993.51,0.020894,56423.1064965,57893.0016497,0.0,8.01377,15.2847,0.0,22.5908,0.0,5.97156,3.5704,-74.3133,-384.07,0.0,213.651,54.9451,0.0,6.00408,0.0,0.742594,0.153487,0.000522103,1.52148e-05,0.0 .. 0.0,0.183039 .. 7.68527,0.411948 .. 14.4212,0.0 .. 0.0,0.660483 .. 20.2168,0.0 .. 0.0,0.0 .. 0.0,0.0261789 .. 0.147471,0.0802243 .. 0.392271,0.0 .. 0.0,0.156605 .. -0.314866,0.0 .. 0.0,0.0 .. 0.0,31629.9 .. 161.377,7900.35 .. 39.8439,0.0 .. 0.0,815.285 .. 4.2918,0.0 .. 0.0,0.926001,0.940023,0.959193,0.969828,0.976965,0.979733,0.996465,0.997828,0.999536,0.999825,0,12,9,0,5,0,83,75,14,14,0.0,1.02707,1.02359,0.0,0.999038,0.0,13.7637,0.897886,0.439757,0.111374,0.0,0.0052084,0.00395182,0.0,0.00653746,0.0,2.2332,2.04283,1.35435,1.18572,0.0,0.0336075,0.0456016,0.0,0.0908206,0.0,0.0,1.01606,1.01428,0.0,0.905433,0.0,0,0,0,0,0,0,0,0,0,0,0,0,0,0,0.0,1.51279,1.22792,0.0,1.08173,0.0,0.0,4828.57,1830.78,0.0,241.041,0.0,0.0,3027.57,950.758,0.0,120.715,0.0,1815p015,14.0084 .. 0.0,-1.04719 .. 0.0,0.123611 .. 0.0,0.0372554 .. 0.0,13 .. 0,14 .. 0,0.860399 .. 0.0,8.19083 .. 0.0,11.4049 .. 0.0,0.967668 .. 0.0,55363.1943829 .. 0.0,55363.1943829 .. 0.0,0.0,0.0,4.28494,2037.27,-0.182164,42471.0,0.137868,34141.8,0.0,0.0,0.0,0.0,0.0,0.0
5000,341173,1813p017,4221,True,EXP,181.31064553,1.76877129463,7.13525e+09,6.54042e+09,2683.34,2057.44,1804.48 .. 803.566,0.02204,56423.1020252,57893.0016497,0.0,11.5024,16.2861,0.0,18.871,0.0,0.729976,-10.1692,34.4844,907.03,0.0,37.6094,20.3613,0.0,3.00989,0.0,0.458584,0.0959807,0.000374878,1.20137e-05,0.0 .. 0.0,0.123538 .. 22.0709,0.155614 .. 28.3544,0.0 .. 0.0,0.178258 .. 32.8131,0.0 .. 0.0,0.0 .. 0.0,0.00880374 .. 1.2338,-0.0242867 .. 1.14263,0.0 .. 0.0,-0.0500924 .. 0.569671,0.0 .. 0.0,0.0 .. 0.0,11738.9 .. 62.009,6180.88 .. 31.1308,0.0 .. 0.0,848.937 .. 4.61367,0.0 .. 0.0,0.922104,0.93684,0.957003,0.9682,0.975717,0.978633,0.996272,0.997709,0.999511,0.999815,0,6,7,0,6,0,83,73,13,14,0.0,1.03104,1.06771,0.0,0.89509,0.0,1.28714,0.450972,0.467405,0.19148,0.0,3.21904,3.08181,0.0,3.58942,0.0,31.6153,1.61042,1.45411,0.950411,0.0,0.175731,0.127294,0.0,0.213904,0.0,0.0,0.6926,0.708739,0.0,0.675438,0.0,0,1,0,0,513,0,0,0,0,0,0,0,0,0,0.0,1.79515,1.16503,0.0,1.21053,0.0,0.0,1248.21,1574.74,0.0,200.376,0.0,0.0,888.532,838.536,0.0,112.039,0.0,1815p015,0.0287424 .. 0.0,-20.9511 .. 0.0,0.07845 .. 0.0,0.024016 .. 0.0,13 .. 0,14 .. 0,272.971 .. 0.0,0.647023 .. 0.0,0.659817 .. 0.0,0.609259 .. 0.0,55363.1943829 .. 0.0,55363.1943829 .. 0.0,0.0,0.0,6.42219,401.398,0.0235103,8031.31,0.220184,24199.2,0.0,0.0,0.0,0.0,0.0,0.0
5000,338292,1811p012,4977,True,EXP,181.192605893,1.29842250506,2.31874e+10,3.662e+10,870.802,2464.86,5131.12 .. 2778.79,0.0179863,56423.1064965,57893.0016497,0.0,12.4233,16.89,0.0,19.4483,0.0,4.26239,2.91189,-13.3395,-523.508,0.0,139.559,43.4546,0.0,9.526,0.0,0.558681,0.116418,0.000377605,1.10039e-05,0.0 .. 0.0,0.129917 .. 10.4598,0.193528 .. 13.7373,0.0 .. 0.0,0.237079 .. 15.2116,0.0 .. 0.0,0.0 .. 0.0,-0.0456301 .. 0.440437,-0.0536169 .. 0.247277,0.0 .. 0.0,-0.0492446 .. -0.197007,0.0 .. 0.0,0.0 .. 0.0,31316.8 .. 159.445,9335.95 .. 47.0222,0.0 .. 0.0,1986.82 .. 9.97099,0.0 .. 0.0,0.935961,0.948149,0.96477,0.973972,0.980138,0.982528,0.996956,0.99813,0.999601,0.999849,0,13,11,0,10,0,78,71,11,11,0.0,1.03064,1.00124,0.0,1.01261,0.0,0.740957,0.955757,0.666246,0.112989,0.0,0.00976533,0.0133918,0.0,0.0193313,0.0,0.769819,0.944694,5.96397,1.2332,0.0,0.0560824,0.0543932,0.0,0.0630788,0.0,0.0,0.997525,0.981104,0.0,0.999224,0.0,0,0,0,0,0,0,0,0,0,0,0,0,0,0,0.0,1.55074,1.16794,0.0,1.14175,0.0,0.0,4521.37,2350.95,0.0,526.456,0.0,0.0,2927.95,1188.15,0.0,277.239,0.0,1815p015,4.82366 .. 0.0,0.0755222 .. 0.0,0.0838761 .. 0.0,0.0233796 .. 0.0,11 .. 0,11 .. 0,0.500284 .. 0.0,73.9676 .. 0.0,0.77307 .. 0.0,0.909013 .. 0.0,55363.1943829 .. 0.0,55363.1943829 .. 0.0,0.0,0.0,4.90129,1985.11,-0.125872,59499.1,-0.073722,35245.8,0.0,0.0,0.0,0.0,0.0,0.0
5000,338292,1811p012,5647,True,EXP,181.032656931,1.32149903418,1.54837e+10,6.45014e+09,3068.0,2781.95,1807.17 .. 1011.68,0.0194873,56384.2314637,57893.0016497,0.0,7.44459,12.3132,0.0,16.1636,0.0,9.47745,12.0874,6.68254,135.187,0.0,95.2518,20.659,0.0,10.4988,0.0,0.573588,0.114456,0.000393203,1.13273e-05,0.0 .. 0.0,0.116378 .. 6.61187,0.17486 .. 10.5965,0.0 .. 0.0,0.257663 .. 13.2339,0.0 .. 0.0,0.0 .. 0.0,-0.00362856 .. 0.182544,-0.0470678 .. 0.271448,0.0 .. 0.0,-0.0268949 .. -0.184111,0.0 .. 0.0,0.0 .. 0.0,17893.2 .. 90.726,3636.02 .. 18.5511,0.0 .. 0.0,1784.45 .. 9.40317,0.0 .. 0.0,0.930806,0.943946,0.961887,0.97183,0.978499,0.981084,0.996703,0.997974,0.999568,0.999837,0,8,5,0,9,0,74,65,11,11,0.0,0.927006,0.938634,0.0,0.979669,0.0,0.743869,0.695087,0.688185,0.112363,0.0,0.00206553,0.00908216,0.0,0.00237244,0.0,0.197204,0.115899,5.49545,4.22207,0.0,0.0710592,0.0898664,0.0,0.105189,0.0,0.0,0.973149,0.710877,0.0,0.92753,0.0,0,0,0,0,1665,0,0,0,0,0,0,0,0,0,0.0,1.75268,1.0513,0.0,1.18899,0.0,0.0,2025.32,1139.41,0.0,436.738,0.0,0.0,1429.84,557.566,0.0,236.606,0.0,1815p015,11.2879 .. 0.0,11.2633 .. 0.0,0.0929523 .. 0.0,0.0240977 .. 0.0,11 .. 0,10 .. 0,0.196087 .. 0.0,0.229894 .. 0.0,0.512392 .. 0.0,0.649282 .. 0.0,55363.1943829 .. 0.0,55363.1943829 .. 0.0,0.0,0.0,4.97518,565.09,0.242343,21514.0,-0.0598363,8126.2,0.0,0.0,0.0,0.0,0.0,0.0
5000,335247,1398p007,3301,True,DEV,139.995859795,0.815208377473,1.31833e+08,2.09896e+08,138.996,2695.52,290.042 .. 24.7224,0.0308652,56378.1233977,57893.9627431,0.0,39.3092,81.3441,0.0,115.046,0.0,46.3138,6.21984,-1135.53,-7969.3,0.0,0.0500114,0.0563617,0.0,0.00698193,0.0,0.00833854,0.00216166,9.96322e-06,4.30287e-07,0.0 .. 0.0,-0.00719528 .. 2.91325,0.0539621 .. 5.75759,0.0 .. 0.0,0.114722 .. 5.23472,0.0 .. 0.0,0.0 .. 0.0,-0.0372903 .. 0.180316,0.00142262 .. -0.127899,0.0 .. 0.0,0.0349478 .. -2.33309,0.0 .. 0.0,0.0 .. 0.0,2472.91 .. 12.6169,2878.6 .. 14.6868,0.0 .. 0.0,344.152 .. 1.78933,0.0 .. 0.0,0.892642,0.912682,0.940309,0.955752,0.96616,0.970206,0.994783,0.996793,0.999315,0.999741,0,1,2,0,7,0,71,71,11,11,0.0,0.765847,0.720177,0.0,0.591497,0.0,0.36901,0.244018,0.189529,0.0533329,0.0,0.0617275,0.0489944,0.0,0.0558229,0.0,0.983987,10.7531,0.629821,0.619261,0.0,0.340625,0.343569,0.0,0.457455,0.0,0.0,0.0731911,0.0731583,0.0,0.0637152,0.0,0,0,0,0,1,0,0,0,0,0,0,0,0,0,0.0,1.17566,1.6002,0.0,1.27912,0.0,0.0,618.648,380.5,0.0,68.6353,0.0,0.0,329.702,230.894,0.0,36.5725,0.0,1406p015,83.2881 .. 0.0,-124.986 .. 0.0,0.0013723 .. 0.0,0.000427328 .. 0.0,11 .. 0,11 .. 0,0.959159 .. 0.0,0.874397 .. 0.0,0.229259 .. 0.0,0.229928 .. 0.0,55324.295203 .. 0.0,55324.295203 .. 0.0,1.0,1.0,0.0,0.0,0.0,0.0,0.0,0.0,101.437,0.0986513,-0.147562,334.775,-0.295024,1013.13
5000,341006,1396p017,2942,True,EXP,139.730562355,1.75143429513,2.7215e+09,5.74486e+09,349.701,1819.25,762.646 .. 945.479,0.0381189,56384.0251237,57893.9627431,0.0,6.82956,10.3144,0.0,10.9048,0.0,3.12866,0.877869,55.7262,-721.168,0.0,64.3794,19.3843,0.0,1.99443,0.0,0.460682,0.111153,0.000446563,1.37805e-05,0.0 .. 0.0,0.0378518 .. 5.31912,0.0682396 .. 8.82744,0.0 .. 0.0,0.0727152 .. 8.29884,0.0 .. 0.0,0.0 .. 0.0,-0.036103 .. 0.104545,-0.0530193 .. 0.204485,0.0 .. 0.0,-0.0551686 .. 0.0535162,0.0 .. 0.0,0.0 .. 0.0,18763.1 .. 95.73,5649.06 .. 28.8213,0.0 .. 0.0,592.492 .. 2.75238,0.0 .. 0.0,0.869133,0.893294,0.926806,0.94564,0.958374,0.963333,0.993561,0.996041,0.999154,0.999681,0,12,7,0,5,0,76,77,14,14,0.0,0.902484,0.93829,0.0,0.922532,0.0,0.941025,0.87878,0.682771,0.149965,0.0,0.0216393,0.0259405,0.0,0.0445074,0.0,2.64599,9.39972,1.40337,1.15714,0.0,0.120828,0.1215,0.0,0.141361,0.0,0.0,0.893039,0.900591,0.0,0.878638,0.0,0,0,0,0,0,0,0,0,0,0,0,0,0,0,0.0,1.267,1.42872,0.0,1.30705,0.0,0.0,4082.58,952.144,0.0,119.909,0.0,0.0,2272.91,553.577,0.0,67.5998,0.0,1391p015,-1.06626 .. 0.0,-0.695801 .. 0.0,0.0900009 .. 0.0,0.0272361 .. 0.0,14 .. 0,15 .. 0,9.63187 .. 0.0,17.4069 .. 0.0,0.721754 .. 0.0,0.635735 .. 0.0,55322.8397298 .. 0.0,55322.8397298 .. 0.0,0.0,0.0,7.44698,126.598,-0.210884,6383.78,0.33887,10925.4,0.0,0.0,0.0,0.0,0.0,0.0
5000,340965,1293p017,475,True,EXP,129.252326717,1.66474301344,2.56334e+09,1.3525e+09,3484.38,628.081,509.541 .. 2020.97,0.053857,57021.2961002,57449.1037769,0.0,18.7073,23.9024,0.0,29.5483,0.0,1.66,0.0908047,32.4808,-14.1339,0.0,9.41156,3.89484,0.0,0.249775,0.0,0.324934,0.0742442,0.000316766,1.05626e-05,0.0 .. 0.0,0.0750677 .. 9.19936,0.14752 .. 11.8015,0.0 .. 0.0,0.0817065 .. 15.397,0.0 .. 0.0,0.0 .. 0.0,-0.0288469 .. 0.124136,0.0158318 .. 0.251167,0.0 .. 0.0,-0.0886181 .. 1.12825,0.0 .. 0.0,0.0 .. 0.0,5952.09 .. 30.3678,2420.61 .. 12.3501,0.0 .. 0.0,153.382 .. 0.766162,0.0 .. 0.0,0.820232,0.852632,0.898173,0.924068,0.941698,0.94859,0.990914,0.99441,0.998805,0.999549,0,3,2,0,2,0,93,82,14,14,0.0,0.859785,0.887379,0.0,0.941217,0.0,1.3721,0.809075,0.520715,0.192839,0.0,0.139629,0.223474,0.0,0.350378,0.0,19.4669,675.897,9.45111,59.3413,0.0,0.129288,0.126931,0.0,0.127944,0.0,0.0,0.879526,0.88008,0.0,0.879768,0.0,0,0,0,0,0,0,0,0,0,0,0,0,0,0,0.0,1.5087,1.46414,0.0,1.10878,0.0,0.0,902.638,390.099,0.0,43.1506,0.0,0.0,584.793,245.992,0.0,22.0838,0.0,1285p015,-4.37495 .. 0.0,-0.672796 .. 0.0,0.053198 .. 0.0,0.0157083 .. 0.0,14 .. 0,14 .. 0,7.27411 .. 0.0,87.9284 .. 0.0,0.775437 .. 0.0,0.916378 .. 0.0,55311.1297814 .. 0.0,55312.8499296 .. 0.0,0.0,0.0,10.0093,2277.69,0.174749,6330.18,-0.252204,15629.1,0.0,0.0,0.0,0.0,0.0,0.0
5000,328348,2151m005,4372,True,REX,215.020785818,-0.436099388176,3.39139e+09,3.32977e+09,3231.41,2677.51,541.966 .. 1062.77,0.0430554,56384.3696742,57841.408566,0.0,7.9449,10.1954,0.0,12.1672,0.0,3.27113,-7.55527,-54.889,413.993,0.0,32.3485,9.96015,0.0,3.85803,0.0,0.763637,0.161717,0.000926509,2.72254e-05,0.0 .. 0.0,0.115342 .. 6.5848,0.171424 .. 9.07527,0.0 .. 0.0,0.161556 .. 11.2678,0.0 .. 0.0,0.0 .. 0.0,-0.0276824 .. -0.174976,-0.0124807 .. 0.184533,0.0 .. 0.0,-0.0498111 .. 0.322155,0.0 .. 0.0,0.0 .. 0.0,6023.9 .. 30.7342,1811.6 .. 9.24288,0.0 .. 0.0,684.401 .. 3.49124,0.0 .. 0.0,0.853488,0.880335,0.917728,0.93882,0.953112,0.958684,0.99273,0.995529,0.999045,0.999639,0,2,2,0,4,0,88,82,24,25,0.0,0.892637,0.905007,0.0,0.975282,0.0,0.819174,0.693096,0.558753,0.181987,0.0,0.00519172,0.0145345,0.0,0.035095,0.0,0.704822,0.265382,0.618957,1.73401,0.0,0.124738,0.128617,0.0,0.129451,0.0,0.0,0.63644,0.639871,0.0,0.962502,0.0,0,0,0,0,0,0,0,0,0,0,0,0,0,0,0.0,1.36256,1.43596,0.0,1.39958,0.0,0.0,1105.16,303.904,0.0,120.745,0.0,0.0,670.328,192.172,0.0,73.5871,0.0,2147p000,7.50341 .. 0.1255,-9.47805 .. -1.50739,0.103625 .. 0.112786,0.0266897 .. 0.0223639,12 .. 12,12 .. 12,0.387287 .. 34.9154,0.31122 .. 2.28892,0.550701 .. 0.734641,0.872711 .. 0.874847,55219.4625196 .. 57222.9677945,55219.4625196 .. 57222.8693625,0.0,0.0,3.84652,312.683,0.0,0.0,0.0,0.0,0.0,0.0,0.0,0.0,0.0,0.0
5000,328344,2141m005,5755,True,EXP,214.039998446,-0.388967134386,1.31075e+10,1.84976e+10,2967.44,3325.14,4881.62 .. 2264.94,0.0421197,56402.2927219,57816.3237843,0.0,12.4897,19.3099,0.0,26.8138,0.0,21.8991,8.63733,52.2312,-230.641,0.0,46.4328,18.3153,0.0,3.44296,0.0,0.745871,0.145106,0.000745371,2.39906e-05,0.0 .. 0.0,0.187728 .. 10.4455,0.350178 .. 14.9685,0.0 .. 0.0,0.822535 .. 18.941,0.0 .. 0.0,0.0 .. 0.0,-0.0147594 .. 0.422572,0.0468933 .. -0.130112,0.0 .. 0.0,0.374802 .. -2.36544,0.0 .. 0.0,0.0 .. 0.0,10045.4 .. 40.6138,3563.96 .. 18.1835,0.0 .. 0.0,624.717 .. 3.38435,0.0 .. 0.0,0.856432,0.882777,0.919442,0.940109,0.954107,0.959564,0.992887,0.995626,0.999066,0.999647,0,3,3,0,5,0,97,85,21,23,0.0,0.986997,1.03981,0.0,1.02612,0.0,1.39164,0.694118,0.827101,0.104184,0.0,0.0163239,0.0201655,0.0,0.0267761,0.0,0.270775,0.595286,0.663045,1.28594,0.0,0.12859,0.0480733,0.0,0.164456,0.0,0.0,0.956135,0.980164,0.0,0.781684,0.0,0,0,0,0,1,0,0,0,0,0,0,0,0,0,0.0,1.54363,1.61634,0.0,1.33041,0.0,0.0,1466.92,473.841,0.0,121.932,0.0,0.0,946.314,314.813,0.0,72.3124,0.0,2147p000,21.9644 .. 18.7982,13.5074 .. 8.41349,0.0873923 .. 0.109071,0.023921 .. 0.0222009,11 .. 13,11 .. 13,0.262824 .. 0.316953,0.344037 .. 0.813146,1.16217 .. 0.630177,0.507192 .. 0.662079,55219.4625196 .. 57222.9677945,55219.4625196 .. 57222.8693625,0.0,0.0,5.3752,1142.74,-0.118823,15880.0,-0.282612,30512.4,0.0,0.0,0.0,0.0,0.0,0.0
5000,335534,2116p007,73,True,EXP,211.572020403,0.629197666436,8.71746e+09,6.63066e+09,2527.42,139.622,2271.75 .. 985.649,0.0433657,56402.2956818,57894.1915357,0.0,15.2115,21.5704,0.0,27.1487,0.0,-4.40782,-8.03384,-153.816,-3058.18,0.0,32.4763,9.92041,0.0,2.97262,0.0,0.478054,0.114258,0.000759424,2.33286e-05,0.0 .. 0.0,0.129189 .. 12.0266,0.201441 .. 16.7954,0.0 .. 0.0,0.224487 .. 21.1342,0.0 .. 0.0,0.0 .. 0.0,-0.0225355 .. 0.565564,-0.02386 .. 0.356039,0.0 .. 0.0,-0.0701309 .. -1.03975,0.0 .. 0.0,0.0 .. 0.0,10652.4 .. 54.3488,3183.21 .. 16.2409,0.0 .. 0.0,929.995 .. 4.74487,0.0 .. 0.0,0.852514,0.879527,0.91716,0.938393,0.952782,0.958393,0.992678,0.995497,0.999038,0.999637,0,3,4,0,6,0,80,80,25,25,0.0,1.02321,1.03066,0.0,0.993039,0.0,0.783075,0.693281,0.547202,0.106922,0.0,0.100055,0.100498,0.0,0.185171,0.0,6.33829,2.84001,1.0321,1.00341,0.0,0.0866708,0.0851065,0.0,0.0935383,0.0,0.0,0.99085,0.987549,0.0,0.855988,0.0,0,0,0,0,0,0,0,0,0,0,0,0,0,0,0.0,1.53748,1.24597,0.0,1.31518,0.0,0.0,1543.18,708.38,0.0,186.246,0.0,0.0,948.273,382.948,0.0,107.788,0.0,2117p000,-9.70642 .. -14.9352,-46.7419 .. -14.4816,0.0594465 .. 0.0886782,0.0161162 .. 0.0192251,10 .. 14,10 .. 14,2.33569 .. 2.3669,1.04081 .. 1.70284,0.61382 .. 0.743669,0.771782 .. 0.413281,55217.0806315 .. 57216.8335545,55217.0806315 .. 57216.8335545,0.0,0.0,5.66287,588.398,0.0712794,25611.8,0.0301598,12497.0,0.0,0.0,0.0,0.0,0.0,0.0
5000,333968,1801p005,5787,True,EXP,180.167463711,0.563655691232,5.91848e+10,1.16922e+11,1216.06,2674.16,21189.9 .. 47017.8,0.0260902,56385.2403339,57893.0016497,0.0,12.2007,16.3554,0.0,19.0932,0.0,5.48363,-3.03154,84.5899,-1783.57,0.0,349.284,49.3777,0.0,8.52987,0.0,0.684311,0.151202,0.000586589,1.57626e-05,0.0 .. 0.0,0.293192 .. 11.3951,0.366826 .. 15.1433,0.0 .. 0.0,0.432501 .. 17.1568,0.0 .. 0.0,0.0 .. 0.0,0.014862 .. 0.0326548,0.0233767 .. -0.440259,0.0 .. 0.0,0.0190371 .. -0.611676,0.0 .. 0.0,0.0 .. 0.0,47885.4 .. 246.32,6502.31 .. 32.9806,0.0 .. 0.0,1067.97 .. 5.30705,0.0 .. 0.0,0.908464,0.925675,0.949305,0.962467,0.971319,0.974756,0.995588,0.997288,0.999421,0.999781,0,9,5,0,6,0,69,67,14,14,0.0,1.25268,1.02416,0.0,1.02593,0.0,0.862536,0.854701,0.673859,0.189621,0.0,0.0153004,0.0249698,0.0,0.00678333,0.0,0.595817,1.63515,1.16822,0.974143,0.0,0.0518946,0.0820615,0.0,0.0276103,0.0,0.0,0.963474,0.712053,0.0,1.03075,0.0,0,1,1,0,0,0,0,0,0,0,0,0,0,0,0.0,1.38939,1.82893,0.0,1.50341,0.0,0.0,8654.51,653.382,0.0,163.979,0.0,0.0,5114.93,432.789,0.0,98.238,0.0,1800p000,2.74401 .. 0.0,-6.12989 .. 0.0,0.145864 .. 0.0,0.0402771 .. 0.0,14 .. 0,14 .. 0,1.41556 .. 0.0,0.810912 .. 0.0,0.722055 .. 0.0,0.696678 .. 0.0,55362.5324828 .. 0.0,55362.5324828 .. 0.0,0.0,0.0,3.88436,5190.46,-0.199771,117496.0,-0.0485594,49781.8,0.0,0.0,0.0,0.0,0.0,0.0
5000,328001,1283m005,3176,True,EXP,128.471178658,-0.390234980219,5.71256e+09,2.8394e+09,477.988,3307.72,1693.39 .. 1128.29,0.0473728,57021.297159,57120.009183,0.0,55.0994,83.3986,0.0,100.15,0.0,33.5624,5.52399,61.1152,157.735,0.0,2.47754,1.4533,0.0,0.0941122,0.0,0.236705,0.0554944,0.000263143,9.30905e-06,0.0 .. 0.0,0.225294 .. 22.6194,0.35991 .. 34.3572,0.0 .. 0.0,0.537469 .. 41.8781,0.0 .. 0.0,0.0 .. 0.0,-0.00893563 .. -0.422569,0.0106549 .. 0.172437,0.0 .. 0.0,0.11018 .. 1.14015,0.0 .. 0.0,0.0 .. 0.0,2320.93 .. 11.8415,1359.04 .. 6.93386,0.0 .. 0.0,80.6666 .. 0.411564,0.0 .. 0.0,0.840037,0.869155,0.909861,0.932895,0.948533,0.954637,0.992004,0.995082,0.998949,0.999603,0,1,1,0,1,0,86,78,14,14,0.0,0.927987,0.953427,0.0,0.87992,0.0,1.2426,0.626238,0.793351,0.170813,0.0,0.170867,0.125094,0.0,0.107493,0.0,0.531884,2.47431,3.02121,6.06558,0.0,0.144223,0.140875,0.0,0.147936,0.0,0.0,0.878072,0.876364,0.0,0.879702,0.0,0,0,0,0,0,0,0,0,0,0,0,0,0,0,0.0,1.43518,1.42689,0.0,1.02508,0.0,0.0,389.626,230.808,0.0,26.555,0.0,0.0,243.723,143.333,0.0,12.4446,0.0,1285p000,36.6759 .. 0.0,6.91602 .. 0.0,0.0428732 .. 0.0,0.0129147 .. 0.0,15 .. 0,15 .. 0,0.566322 .. 0.0,2.38313 .. 0.0,0.682397 .. 0.0,0.613429 .. 0.0,55311.3280468 .. 0.0,55311.3279831 .. 0.0,0.0,0.0,10.8546,222.696,0.185788,33455.5,-0.115437,18929.8,0.0,0.0,0.0,0.0,0.0,0.0
5000,324012,2111m012,31,True,EXP,211.175085181,-1.37452309104,2.25027e+09,3.29022e+09,1111.5,88.4858,848.151 .. 139.896,0.05033,56403.2627857,57844.3172313,0.0,13.4554,19.492,0.0,28.3479,0.0,72.6766,39.4566,22.2451,-419.893,0.0,22.5908,4.56948,0.0,1.23257,0.0,0.287941,0.0685404,0.000476334,1.66264e-05,0.0 .. 0.0,0.0947688 .. 9.17562,0.102712 .. 12.1405,0.0 .. 0.0,0.168411 .. 16.7865,0.0 .. 0.0,0.0 .. 0.0,0.00153912 .. 0.395557,-0.0269956 .. 1.24615,0.0 .. 0.0,-0.0245566 .. 1.77512,0.0 .. 0.0,0.0 .. 0.0,13646.1 .. 69.5191,2697.26 .. 13.7615,0.0 .. 0.0,712.731 .. 3.63638,0.0 .. 0.0,0.830946,0.86158,0.904512,0.928859,0.94541,0.951874,0.991507,0.994776,0.998883,0.999578,0,4,3,0,4,0,78,76,23,24,0.0,1.1433,0.918546,0.0,0.942312,0.0,57.6602,4.23055,0.566545,0.121277,0.0,0.197545,0.108575,0.0,0.0848924,0.0,0.719991,0.785362,2.97928,1.60134,0.0,0.14332,0.14108,0.0,0.142291,0.0,0.0,0.777686,0.777004,0.0,0.776033,0.0,0,0,0,0,0,0,0,0,0,0,0,0,0,0,0.0,1.60167,1.21963,0.0,1.20677,0.0,0.0,1816.11,624.173,0.0,169.488,0.0,0.0,1201.4,341.15,0.0,92.3334,0.0,2117m016,88.7731 .. 56.2486,78.8266 .. 14.6678,0.0411626 .. 0.0466988,0.0111999 .. 0.0102253,11 .. 12,11 .. 12,0.651345 .. 0.781086,0.766808 .. 1.8387,9.67003 .. 8.22375,1.17809 .. 0.9848,55217.5440792 .. 57217.3580587,55217.5440792 .. 57217.3580587,0.0,0.0,10.1729,2851.79,-0.110884,9046.73,-0.347061,22676.6,0.0,0.0,0.0,0.0,0.0,0.0
5000,324012,2111m012,3454,True,EXP,211.059785586,-1.22589413142,1.46156e+09,4.02142e+08,2695.37,2130.71,271.364 .. 573.368,0.0526802,56403.2627857,57895.1609692,0.0,7.93544,15.1993,0.0,22.3545,0.0,-2.83476,-12.1976,3.955,659.265,0.0,15.8707,4.39111,0.0,1.06921,0.0,0.297331,0.0724489,0.000506228,1.80079e-05,0.0 .. 0.0,0.0698665 .. 4.37216,0.0942476 .. 8.26355,0.0 .. 0.0,0.131072 .. 11.0079,0.0 .. 0.0,0.0 .. 0.0,0.0199377 .. -0.00779564,-0.00743932 .. 0.0738431,0.0 .. 0.0,-0.0115851 .. 0.00658758,0.0 .. 0.0,0.0 .. 0.0,11030.7 .. 56.2792,3022.72 .. 15.422,0.0 .. 0.0,721.453 .. 3.68088,0.0 .. 0.0,0.823791,0.855607,0.900283,0.925664,0.942935,0.949684,0.991112,0.994532,0.998831,0.999559,0,3,3,0,4,0,84,82,25,26,0.0,0.89628,0.882897,0.0,0.850064,0.0,0.843575,0.553204,0.493198,0.14505,0.0,0.12639,0.0979446,0.0,0.0361724,0.0,3.34001,0.690319,21.7695,1.22425,0.0,0.180163,0.181833,0.0,0.183898,0.0,0.0,0.655353,0.655879,0.0,0.659243,0.0,0,0,0,0,0,0,0,0,0,0,0,0,0,0,0.0,1.67224,1.22685,0.0,1.2088,0.0,0.0,1358.52,700.376,0.0,170.619,0.0,0.0,913.71,379.747,0.0,92.9153,0.0,2117m016,-12.0038 .. -12.784,-5.06071 .. -31.5426,0.0391266 .. 0.0531437,0.0110574 .. 0.0112186,11 .. 14,11 .. 14,1.38009 .. 0.758988,2.95547 .. 0.503143,0.820413 .. 0.713331,0.623138 .. 0.631512,55217.5440792 .. 57217.3580587,55217.5440792 .. 57217.3580587,0.0,0.0,10.1901,779.616,0.319907,4172.47,-0.0848188,2531.49,0.0,0.0,0.0,0.0,0.0,0.0
5000,324009,2103m012,660,True,EXP,210.474629233,-1.3429123758,1.03503e+10,1.62486e+10,430.922,522.812,4355.25 .. 49743.1,0.0467606,56403.2627857,57895.1609692,0.0,49.9479,74.2599,0.0,96.0414,0.0,22.5889,-12.6449,-110.089,439.735,0.0,9.6994,3.75508,0.0,1.18985,0.0,0.235122,0.0589016,0.000409688,1.47027e-05,0.0 .. 0.0,0.17472 .. 21.5285,0.283556 .. 32.397,0.0 .. 0.0,0.402201 .. 41.8776,0.0 .. 0.0,0.0 .. 0.0,-0.0357288 .. 0.238164,-0.0475388 .. 0.600606,0.0 .. 0.0,-0.0390423 .. 0.465861,0.0 .. 0.0,0.0 .. 0.0,7877.4 .. 40.1908,2995.86 .. 15.282,0.0 .. 0.0,910.922 .. 4.64736,0.0 .. 0.0,0.841931,0.870732,0.910973,0.933733,0.949181,0.95521,0.992107,0.995145,0.998963,0.999608,0,2,3,0,5,0,78,78,23,23,0.0,1.05372,0.973921,0.0,0.998184,0.0,1.32923,0.934879,0.642476,0.141565,0.0,0.187263,0.204478,0.0,0.202427,0.0,0.458246,0.530419,0.646976,1.06734,0.0,0.0900323,0.0795068,0.0,0.0811965,0.0,0.0,0.913234,0.911075,0.0,0.914569,0.0,0,0,0,0,0,0,0,0,0,0,0,0,0,0,0.0,2.01651,1.20864,0.0,1.18408,0.0,0.0,670.655,701.943,0.0,224.947,0.0,0.0,514.147,378.409,0.0,119.832,0.0,2102m016,12.1594 .. 26.2199,-16.3231 .. -18.0238,0.0303764 .. 0.0424691,0.00829058 .. 0.00933685,10 .. 13,10 .. 13,1.00387 .. 0.537102,1.0041 .. 0.893931,0.99834 .. 0.821698,0.550273 .. 0.732278,55216.286868 .. 57215.9147494,55216.3530838 .. 57215.9147494,0.0,0.0,9.34803,883.369,-0.121497,111081.0,-0.0134202,36792.9,0.0,0.0,0.0,0.0,0.0,0.0
5000,325446,2096m010,4887,True,EXP,209.71468671,-0.891159416752,4.98291e+09,1.06516e+10,567.309,3295.01,1346.58 .. 8810.72,0.0460001,56402.2971649,57895.1696736,0.0,18.5739,28.3124,0.0,35.8662,0.0,12.906,8.56013,83.5616,836.416,0.0,14.8019,10.6338,0.0,1.78214,0.0,0.450449,0.108582,0.000607378,2.01228e-05,0.0 .. 0.0,0.128726 .. 11.9826,0.214518 .. 17.9719,0.0 .. 0.0,0.258744 .. 22.2928,0.0 .. 0.0,0.0 .. 0.0,-0.031918 .. 0.549218,-0.0214283 .. 0.448473,0.0 .. 0.0,-0.0452514 .. 0.424288,0.0 .. 0.0,0.0 .. 0.0,5968.06 .. 30.4493,4282.1 .. 21.2517,0.0 .. 0.0,686.287 .. 3.50146,0.0 .. 0.0,0.84429,0.872695,0.912355,0.934775,0.949987,0.955922,0.992235,0.995224,0.998979,0.999615,0,2,4,0,4,0,89,89,23,24,0.0,1.0548,1.07758,0.0,0.964882,0.0,1.52634,0.810153,0.682786,0.133485,0.0,0.767696,0.801572,0.0,0.751505,0.0,2.4901,2.67511,0.66194,0.781079,0.0,0.106804,0.119113,0.0,0.145894,0.0,0.0,0.948739,0.947896,0.0,0.805365,0.0,0,0,0,0,0,0,0,0,0,0,0,0,0,0,0.0,1.22549,1.30917,0.0,1.37173,0.0,0.0,1370.08,866.369,0.0,126.479,0.0,0.0,759.854,501.005,0.0,73.9084,0.0,2102m016,15.1678 .. 8.01335,26.5463 .. 10.1184,0.0561837 .. 0.0777837,0.0155407 .. 0.0163817,11 .. 14,11 .. 14,2.16297 .. 3.95271,0.842723 .. 2.2866,0.913942 .. 1.10575,0.784103 .. 0.670906,55216.286868 .. 57215.9147494,55216.3530838 .. 57215.9147494,0.0,0.0,7.1184,444.162,-0.204657,32755.7,0.0184941,10708.7,0.0,0.0,0.0,0.0,0.0,0.0
5000,323889,1803m012,4286,True,DEV,180.419104633,-1.20368215358,4.12481e+10,9.75681e+10,1193.62,2435.92,23736.4 .. 7709.83,0.0324244,56450.9890028,57817.2578885,0.0,24.6854,35.4993,0.0,32.0891,0.0,28.2363,48.0375,642.583,909.399,0.0,31.6204,14.7352,0.0,1.19094,0.0,0.142559,0.0294129,0.000120826,4.22135e-06,0.0 .. 0.0,0.360856 .. 19.3747,0.671297 .. 27.9222,0.0 .. 0.0,1.22318 .. 35.7282,0.0 .. 0.0,0.0 .. 0.0,0.073582 .. -0.766636,0.24954 .. -1.85411,0.0 .. 0.0,0.699211 .. -3.79621,0.0 .. 0.0,0.0 .. 0.0,27158.3 .. 137.918,12173.7 .. 62.1109,0.0 .. 0.0,897.111 .. 4.59778,0.0 .. 0.0,0.887536,0.90848,0.93739,0.953569,0.964481,0.968724,0.99452,0.996631,0.999281,0.999728,0,7,8,0,5,0,80,66,12,12,0.0,1.24394,1.49618,0.0,1.28061,0.0,0.790384,0.563812,0.486314,0.103981,0.0,0.969436,1.04517,0.0,1.79104,0.0,1.28545,0.470732,0.375068,1.95782,0.0,0.109342,0.108527,0.0,0.115808,0.0,0.0,0.684105,0.697312,0.0,0.782301,0.0,0,0,0,0,0,0,0,0,0,0,0,0,0,0,0.0,1.52532,1.52316,0.0,1.22633,0.0,0.0,4190.8,1920.89,0.0,211.092,0.0,0.0,2560.11,1136.75,0.0,114.337,0.0,1800m016,33.26 .. 0.0,55.9246 .. 0.0,0.0227933 .. 0.0,0.00684947 .. 0.0,12 .. 0,12 .. 0,0.983801 .. 0.0,0.603779 .. 0.0,0.573659 .. 0.0,0.487101 .. 0.0,55363.0614424 .. 0.0,55363.0614424 .. 0.0,1.0,1.0,0.0,0.0,0.0,0.0,0.0,0.0,18.1595,11454.8,-0.309132,51054.2,0.161184,44682.3
5000,326772,1811m007,3729,True,EXP,181.231673569,-0.695664611615,2.14555e+09,8.13446e+09,333.862,2546.08,1641.16 .. 2630.9,0.0251862,56402.2081084,57862.1028427,0.0,41.9275,60.0762,0.0,70.4155,0.0,7.8599,-18.1269,24.1407,-992.716,0.0,5.82578,3.04246,0.0,0.692857,0.0,0.155053,0.0340203,0.00014029,5.21514e-06,0.0 .. 0.0,0.115798 .. 15.1294,0.153558 .. 21.6129,0.0 .. 0.0,0.167118 .. 25.5252,0.0 .. 0.0,0.0 .. 0.0,-0.0187475 .. 0.690211,-0.0223078 .. 1.21873,0.0 .. 0.0,-0.0602264 .. 1.15134,0.0 .. 0.0,0.0 .. 0.0,6860.88 .. 35.0045,3479.88 .. 17.7153,0.0 .. 0.0,776.514 .. 3.96181,0.0 .. 0.0,0.911491,0.928155,0.951018,0.963743,0.972299,0.97562,0.995741,0.997382,0.999441,0.999789,0,3,3,0,4,0,76,67,11,11,0.0,0.905889,0.913692,0.0,0.928684,0.0,0.906708,0.696238,0.580103,0.107069,0.0,0.0817521,0.108938,0.0,0.194502,0.0,3.53174,1.83173,6.75502,0.830874,0.0,0.110216,0.112821,0.0,0.122515,0.0,0.0,0.836361,0.844,0.0,0.831922,0.0,0,0,0,0,0,0,0,0,0,0,0,0,0,0,0.0,1.5179,1.7378,0.0,1.35605,0.0,0.0,1026.07,399.019,0.0,145.719,0.0,0.0,668.513,275.492,0.0,81.8026,0.0,1815p000,6.66321 .. 0.0,-29.8502 .. 0.0,0.0237594 .. 0.0,0.00724109 .. 0.0,11 .. 0,11 .. 0,3.92014 .. 0.0,1.19752 .. 0.0,0.704522 .. 0.0,0.983145 .. 0.0,55364.9801657 .. 0.0,55363.7894317 .. 0.0,0.0,0.0,14.7843,159.126,-0.351889,55340.9,0.142202,25931.3,0.0,0.0,0.0,0.0,0.0,0.0
5000,326767,1798m007,3522,True,EXP,179.931499957,-0.772734206379,1.65938e+10,5.47042e+10,1023.23,1487.12,6312.36 .. 90401.9,0.0223684,56366.2010556,57844.1572538,0.0,35.437,42.9023,0.0,47.1807,0.0,23.3924,12.3026,-163.888,-765.869,0.0,45.9675,20.0389,0.0,1.86399,0.0,0.24761,0.0535,0.000208208,7.13522e-06,0.0 .. 0.0,0.156765 .. 17.0703,0.19195 .. 21.1297,0.0 .. 0.0,0.206741 .. 23.1639,0.0 .. 0.0,0.0 .. 0.0,-0.0358679 .. 0.560392,-0.0442742 .. 0.725995,0.0 .. 0.0,-0.0516616 .. 1.04111,0.0 .. 0.0,0.0 .. 0.0,31892.9 .. 110.582,11510.6 .. 58.9934,0.0 .. 0.0,1062.42 .. 5.76142,0.0 .. 0.0,0.920991,0.93593,0.956377,0.967734,0.97536,0.978318,0.996216,0.997675,0.999504,0.999813,0,5,7,0,7,0,76,65,11,11,0.0,1.03349,0.942079,0.0,0.913743,0.0,1.10795,0.83983,0.53157,0.151239,0.0,0.0128868,0.028655,0.0,0.0533466,0.0,1.08826,1.42849,0.884186,0.968733,0.0,0.178073,0.157689,0.0,0.137591,0.0,0.0,0.895535,0.908277,0.0,0.908257,0.0,0,0,1,0,513,0,0,0,0,0,0,0,0,0,0.0,1.26366,1.39041,0.0,1.22074,0.0,0.0,6900.4,2037.51,0.0,246.89,0.0,0.0,3966.89,1208.77,0.0,132.025,0.0,1800m016,26.3241 .. 0.0,22.7586 .. 0.0,0.0426632 .. 0.0,0.0126594 .. 0.0,12 .. 0,12 .. 0,0.982388 .. 0.0,1.00656 .. 0.0,0.859906 .. 0.0,0.772868 .. 0.0,55363.0614424 .. 0.0,55363.0614424 .. 0.0,0.0,0.0,10.5098,1269.51,-0.320665,221446.0,-0.145097,102287.0,0.0,0.0,0.0,0.0,0.0,0.0
5000,326752,1761m007,123,True,EXP,176.140602182,-0.866844698297,4.59736e+10,2.03721e+10,1585.14,193.998,7893.67 .. 2949.79,0.0196668,56384.1948078,57816.2265038,0.0,39.4923,52.565,0.0,65.9814,0.0,20.2448,19.3575,84.708,-1450.51,0.0,31.046,7.53273,0.0,2.04902,0.0,0.272264,0.0660153,0.000268731,8.86904e-06,0.0 .. 0.0,0.275561 .. 20.7696,0.360192 .. 28.7448,0.0 .. 0.0,0.47692 .. 37.4357,0.0 .. 0.0,0.0 .. 0.0,0.0346487 .. -0.816326,0.0272672 .. -0.11435,0.0 .. 0.0,0.0570358 .. 0.532141,0.0 .. 0.0,0.0 .. 0.0,17351.0 .. 86.5786,4015.03 .. 20.4848,0.0 .. 0.0,1002.52 .. 5.13816,0.0 .. 0.0,0.930192,0.943445,0.961543,0.971575,0.978303,0.980911,0.996673,0.997955,0.999564,0.999835,0,4,4,0,6,0,71,73,13,12,0.0,1.12676,1.03977,0.0,0.978786,0.0,0.86316,0.812329,0.618243,0.121523,0.0,0.0886024,0.0865157,0.0,0.093744,0.0,1.05371,0.953274,2.73645,0.539264,0.0,0.0883001,0.0821246,0.0,0.108533,0.0,0.0,0.9995,1.00791,0.0,0.926346,0.0,0,0,0,0,0,0,0,0,0,0,0,0,0,0,0.0,1.2317,1.468,0.0,1.53076,0.0,0.0,3982.44,633.216,0.0,147.347,0.0,0.0,2241.98,391.949,0.0,93.1666,0.0,1754m016,21.203 .. 0.0,8.28294 .. 0.0,0.0482416 .. 0.0,0.0163568 .. 0.0,12 .. 0,14 .. 0,1.21618 .. 0.0,3.0013 .. 0.0,0.594199 .. 0.0,0.575106 .. 0.0,55359.0922014 .. 0.0,55359.0922014 .. 0.0,0.0,0.0,9.63361,1407.68,0.217106,122921.0,0.267542,148960.0,0.0,0.0,0.0,0.0,0.0,0.0
5000,323871,1758m012,2798,True,EXP,175.939868035,-1.27658627985,3.42762e+10,2.72359e+10,908.404,1434.18,41027.1 .. 2891.7,0.0170624,56384.1948078,57815.2566117,0.0,112.194,148.043,0.0,159.881,0.0,43.7939,33.9455,-167.853,-570.149,0.0,8.64703,4.2361,0.0,0.626145,0.0,0.117024,0.0283315,0.000120819,4.84498e-06,0.0 .. 0.0,0.258814 .. 32.8027,0.326259 .. 42.5254,0.0 .. 0.0,0.355445 .. 50.4362,0.0 .. 0.0,0.0 .. 0.0,-0.00922681 .. 0.394064,-0.0445873 .. 0.120305,0.0 .. 0.0,-0.0262927 .. 2.5451,0.0 .. 0.0,0.0 .. 0.0,13889.4 .. 70.8645,6611.67 .. 33.2264,0.0 .. 0.0,936.609 .. 4.72602,0.0 .. 0.0,0.939149,0.950746,0.966549,0.975292,0.981149,0.983418,0.997113,0.998226,0.999621,0.999857,0,2,3,0,5,0,69,69,11,11,0.0,1.87572,1.50692,0.0,0.948625,0.0,1.19945,0.540255,0.586245,0.12327,0.0,0.0842014,0.110271,0.0,0.145429,0.0,1.19005,0.854125,2.63571,2.73883,0.0,0.160862,0.141576,0.0,0.145062,0.0,0.0,0.500957,0.931619,0.0,0.782663,0.0,0,0,0,0,0,0,0,0,0,0,0,0,0,0,0.0,1.09283,1.05295,0.0,1.40598,0.0,0.0,4030.32,2055.07,0.0,163.336,0.0,0.0,2065.5,1008.19,0.0,95.2967,0.0,1754m016,73.074 .. 0.0,-22.9211 .. 0.0,0.0192977 .. 0.0,0.00592999 .. 0.0,11 .. 0,11 .. 0,0.611358 .. 0.0,2.8997 .. 0.0,0.738674 .. 0.0,0.672973 .. 0.0,55359.0922014 .. 0.0,55359.0922014 .. 0.0,0.0,0.0,14.8012,1515.35,0.0657153,194601.0,-0.233658,465773.0,0.0,0.0,0.0,0.0,0.0,0.0
